oid,ra,dec,Main identifier,Parallax,Radial velocity,pmra,pmdec
5201458,10.18875786217,4.0994836383,"2MASS J00404524+0405580",0.0052,179518.0631631941,-0.022,-0.092
5201458,10.18875786217,4.0994836383,"2MASS J00404524+0405580",0.0052,179518.0631631941,-0.022,-0.092
5201458,10.18875786217,4.0994836383,"2MASS J00404524+0405580",0.0052,179518.0631631941,-0.022,-0.092
5201458,10.18875786217,4.0994836383,"2MASS J00404524+0405580",0.0052,179518.0631631941,-0.022,-0.092
5201458,10.18875786217,4.0994836383,"2MASS J00404524+0405580",0.0052,179518.0631631941,-0.022,-0.092
5201458,10.18875786217,4.0994836383,"2MASS J00404524+0405580",0.0052,179518.0631631941,-0.022,-0.092
5201458,10.18875786217,4.0994836383,"2MASS J00404524+0405580",0.0052,179518.0631631941,-0.022,-0.092
5201458,10.18875786217,4.0994836383,"2MASS J00404524+0405580",0.0052,179518.0631631941,-0.022,-0.092
5201458,10.18875786217,4.0994836383,"2MASS J00404524+0405580",0.0052,179518.0631631941,-0.022,-0.092
5201458,10.18875786217,4.0994836383,"2MASS J00404524+0405580",0.0052,179518.0631631941,-0.022,-0.092
5201458,10.18875786217,4.0994836383,"2MASS J00404524+0405580",0.0052,179518.0631631941,-0.022,-0.092
10398277,10.75111894907,4.9551835705,"2MASS J00430027+0457188",0.0135,251057.77770461942,-0.276,-0.067
10398277,10.75111894907,4.9551835705,"2MASS J00430027+0457188",0.0135,251057.77770461942,-0.276,-0.067
10398277,10.75111894907,4.9551835705,"2MASS J00430027+0457188",0.0135,251057.77770461942,-0.276,-0.067
10398277,10.75111894907,4.9551835705,"2MASS J00430027+0457188",0.0135,251057.77770461942,-0.276,-0.067
10398277,10.75111894907,4.9551835705,"2MASS J00430027+0457188",0.0135,251057.77770461942,-0.276,-0.067
10398277,10.75111894907,4.9551835705,"2MASS J00430027+0457188",0.0135,251057.77770461942,-0.276,-0.067
10398277,10.75111894907,4.9551835705,"2MASS J00430027+0457188",0.0135,251057.77770461942,-0.276,-0.067
10398277,10.75111894907,4.9551835705,"2MASS J00430027+0457188",0.0135,251057.77770461942,-0.276,-0.067
10398277,10.75111894907,4.9551835705,"2MASS J00430027+0457188",0.0135,251057.77770461942,-0.276,-0.067
1404711,9.16678113056,4.683276512429999,"BD+03    72",4.8518,5.68,88.971,-35.568
1404711,9.16678113056,4.683276512429999,"BD+03    72",4.8518,5.68,88.971,-35.568
1404711,9.16678113056,4.683276512429999,"BD+03    72",4.8518,5.68,88.971,-35.568
1404711,9.16678113056,4.683276512429999,"BD+03    72",4.8518,5.68,88.971,-35.568
1404711,9.16678113056,4.683276512429999,"BD+03    72",4.8518,5.68,88.971,-35.568
1404711,9.16678113056,4.683276512429999,"BD+03    72",4.8518,5.68,88.971,-35.568
1404712,9.42709518679,4.51647503345,"BD+03    74",2.1811,5.67,8.209,-15.334
1404712,9.42709518679,4.51647503345,"BD+03    74",2.1811,5.67,8.209,-15.334
1404712,9.42709518679,4.51647503345,"BD+03    74",2.1811,5.67,8.209,-15.334
1404712,9.42709518679,4.51647503345,"BD+03    74",2.1811,5.67,8.209,-15.334
1404712,9.42709518679,4.51647503345,"BD+03    74",2.1811,5.67,8.209,-15.334
1404712,9.42709518679,4.51647503345,"BD+03    74",2.1811,5.67,8.209,-15.334
1404714,9.566516572420001,4.56183815548,"BD+03    79",4.1609,3.24,-18.77,-54.067
1404714,9.566516572420001,4.56183815548,"BD+03    79",4.1609,3.24,-18.77,-54.067
1404714,9.566516572420001,4.56183815548,"BD+03    79",4.1609,3.24,-18.77,-54.067
1404714,9.566516572420001,4.56183815548,"BD+03    79",4.1609,3.24,-18.77,-54.067
1404714,9.566516572420001,4.56183815548,"BD+03    79",4.1609,3.24,-18.77,-54.067
1404714,9.566516572420001,4.56183815548,"BD+03    79",4.1609,3.24,-18.77,-54.067
1404822,9.725304079219999,4.249438122559999,"BD+03    81",0.9914,-86.5,47.488,-39.253
1404822,9.725304079219999,4.249438122559999,"BD+03    81",0.9914,-86.5,47.488,-39.253
1404822,9.725304079219999,4.249438122559999,"BD+03    81",0.9914,-86.5,47.488,-39.253
1404822,9.725304079219999,4.249438122559999,"BD+03    81",0.9914,-86.5,47.488,-39.253
1404822,9.725304079219999,4.249438122559999,"BD+03    81",0.9914,-86.5,47.488,-39.253
1404822,9.725304079219999,4.249438122559999,"BD+03    81",0.9914,-86.5,47.488,-39.253
1404726,9.924784702429998,4.13618219733,"BD+03    83",1.8939,19.25,0.979,-4.299
1404726,9.924784702429998,4.13618219733,"BD+03    83",1.8939,19.25,0.979,-4.299
1404726,9.924784702429998,4.13618219733,"BD+03    83",1.8939,19.25,0.979,-4.299
1404718,10.5934803716,4.76618667361,"BD+03    92",8.1158,-15.16,-18.456,-65.425
1404718,10.5934803716,4.76618667361,"BD+03    92",8.1158,-15.16,-18.456,-65.425
1404718,10.5934803716,4.76618667361,"BD+03    92",8.1158,-15.16,-18.456,-65.425
1404718,10.5934803716,4.76618667361,"BD+03    92",8.1158,-15.16,-18.456,-65.425
1404718,10.5934803716,4.76618667361,"BD+03    92",8.1158,-15.16,-18.456,-65.425
1404718,10.5934803716,4.76618667361,"BD+03    92",8.1158,-15.16,-18.456,-65.425
1404719,10.82446025317,4.570262175860001,"BD+03    96",6.4936,-28.1,-91.729,-96.941
1404719,10.82446025317,4.570262175860001,"BD+03    96",6.4936,-28.1,-91.729,-96.941
1404719,10.82446025317,4.570262175860001,"BD+03    96",6.4936,-28.1,-91.729,-96.941
1404719,10.82446025317,4.570262175860001,"BD+03    96",6.4936,-28.1,-91.729,-96.941
1404719,10.82446025317,4.570262175860001,"BD+03    96",6.4936,-28.1,-91.729,-96.941
1404719,10.82446025317,4.570262175860001,"BD+03    96",6.4936,-28.1,-91.729,-96.941
1404699,9.336030805090001,5.03083238232,"BD+04    81",7.9799,17.75,-0.365,-25.266
1404699,9.336030805090001,5.03083238232,"BD+04    81",7.9799,17.75,-0.365,-25.266
1404699,9.336030805090001,5.03083238232,"BD+04    81",7.9799,17.75,-0.365,-25.266
1404699,9.336030805090001,5.03083238232,"BD+04    81",7.9799,17.75,-0.365,-25.266
1404699,9.336030805090001,5.03083238232,"BD+04    81",7.9799,17.75,-0.365,-25.266
1404699,9.336030805090001,5.03083238232,"BD+04    81",7.9799,17.75,-0.365,-25.266
1404700,9.39204819913,5.009202027789999,"BD+04    82",6.4445,36.84,42.518,35.595
1404700,9.39204819913,5.009202027789999,"BD+04    82",6.4445,36.84,42.518,35.595
1404700,9.39204819913,5.009202027789999,"BD+04    82",6.4445,36.84,42.518,35.595
1404700,9.39204819913,5.009202027789999,"BD+04    82",6.4445,36.84,42.518,35.595
1404700,9.39204819913,5.009202027789999,"BD+04    82",6.4445,36.84,42.518,35.595
1404700,9.39204819913,5.009202027789999,"BD+04    82",6.4445,36.84,42.518,35.595
1404701,9.50976021347,5.126542238719999,"BD+04    83",5.9255,-15.34,-19.423,-53.267
1404701,9.50976021347,5.126542238719999,"BD+04    83",5.9255,-15.34,-19.423,-53.267
1404701,9.50976021347,5.126542238719999,"BD+04    83",5.9255,-15.34,-19.423,-53.267
1404701,9.50976021347,5.126542238719999,"BD+04    83",5.9255,-15.34,-19.423,-53.267
1404701,9.50976021347,5.126542238719999,"BD+04    83",5.9255,-15.34,-19.423,-53.267
1404701,9.50976021347,5.126542238719999,"BD+04    83",5.9255,-15.34,-19.423,-53.267
1404702,9.643372130909999,5.4478902080400005,"BD+04    84",1.4374,-41.4,-4.934,-14.749
1404702,9.643372130909999,5.4478902080400005,"BD+04    84",1.4374,-41.4,-4.934,-14.749
1404702,9.643372130909999,5.4478902080400005,"BD+04    84",1.4374,-41.4,-4.934,-14.749
1404702,9.643372130909999,5.4478902080400005,"BD+04    84",1.4374,-41.4,-4.934,-14.749
1404702,9.643372130909999,5.4478902080400005,"BD+04    84",1.4374,-41.4,-4.934,-14.749
1404702,9.643372130909999,5.4478902080400005,"BD+04    84",1.4374,-41.4,-4.934,-14.749
1404703,9.671921243869999,5.0605527222,"BD+04    85",2.3799,-5.68,-20.659,-8.317
1404703,9.671921243869999,5.0605527222,"BD+04    85",2.3799,-5.68,-20.659,-8.317
1404703,9.671921243869999,5.0605527222,"BD+04    85",2.3799,-5.68,-20.659,-8.317
1404703,9.671921243869999,5.0605527222,"BD+04    85",2.3799,-5.68,-20.659,-8.317
1404703,9.671921243869999,5.0605527222,"BD+04    85",2.3799,-5.68,-20.659,-8.317
1404703,9.671921243869999,5.0605527222,"BD+04    85",2.3799,-5.68,-20.659,-8.317
1414543,9.72706827926,5.5700502883,"BD+04    86",1.5495,4.87,1.257,-4.828
1414543,9.72706827926,5.5700502883,"BD+04    86",1.5495,4.87,1.257,-4.828
1414543,9.72706827926,5.5700502883,"BD+04    86",1.5495,4.87,1.257,-4.828
1414543,9.72706827926,5.5700502883,"BD+04    86",1.5495,4.87,1.257,-4.828
1414543,9.72706827926,5.5700502883,"BD+04    86",1.5495,4.87,1.257,-4.828
1414543,9.72706827926,5.5700502883,"BD+04    86",1.5495,4.87,1.257,-4.828
1414544,9.88857608599,5.6304900256799995,"BD+04    88",4.603,-16.94,-64.338,-35.929
1414544,9.88857608599,5.6304900256799995,"BD+04    88",4.603,-16.94,-64.338,-35.929
1414544,9.88857608599,5.6304900256799995,"BD+04    88",4.603,-16.94,-64.338,-35.929
1414544,9.88857608599,5.6304900256799995,"BD+04    88",4.603,-16.94,-64.338,-35.929
1414544,9.88857608599,5.6304900256799995,"BD+04    88",4.603,-16.94,-64.338,-35.929
1414544,9.88857608599,5.6304900256799995,"BD+04    88",4.603,-16.94,-64.338,-35.929
1414545,10.24230093953,5.72188679729,"BD+04    91",9.5161,-36.39,129.356,-23.349
1414545,10.24230093953,5.72188679729,"BD+04    91",9.5161,-36.39,129.356,-23.349
1414545,10.24230093953,5.72188679729,"BD+04    91",9.5161,-36.39,129.356,-23.349
1414545,10.24230093953,5.72188679729,"BD+04    91",9.5161,-36.39,129.356,-23.349
1414545,10.24230093953,5.72188679729,"BD+04    91",9.5161,-36.39,129.356,-23.349
1414545,10.24230093953,5.72188679729,"BD+04    91",9.5161,-36.39,129.356,-23.349
1414545,10.24230093953,5.72188679729,"BD+04    91",9.5161,-36.39,129.356,-23.349
1414547,10.56428963101,5.693381072370001,"BD+04    95",11.7809,1.2,84.808,-9.353
1414547,10.56428963101,5.693381072370001,"BD+04    95",11.7809,1.2,84.808,-9.353
1414547,10.56428963101,5.693381072370001,"BD+04    95",11.7809,1.2,84.808,-9.353
1414547,10.56428963101,5.693381072370001,"BD+04    95",11.7809,1.2,84.808,-9.353
1414547,10.56428963101,5.693381072370001,"BD+04    95",11.7809,1.2,84.808,-9.353
1414547,10.56428963101,5.693381072370001,"BD+04    95",11.7809,1.2,84.808,-9.353
1404705,10.582897849110001,4.81044863064,"BD+04    98",2.387,12.88,-21.091,-34.247
1404705,10.582897849110001,4.81044863064,"BD+04    98",2.387,12.88,-21.091,-34.247
1404705,10.582897849110001,4.81044863064,"BD+04    98",2.387,12.88,-21.091,-34.247
1404705,10.582897849110001,4.81044863064,"BD+04    98",2.387,12.88,-21.091,-34.247
1404705,10.582897849110001,4.81044863064,"BD+04    98",2.387,12.88,-21.091,-34.247
1404705,10.582897849110001,4.81044863064,"BD+04    98",2.387,12.88,-21.091,-34.247
1404706,10.686887390490002,5.48123412559,"BD+04   100",4.4375,10.35,78.399,-25.298
1404706,10.686887390490002,5.48123412559,"BD+04   100",4.4375,10.35,78.399,-25.298
1404706,10.686887390490002,5.48123412559,"BD+04   100",4.4375,10.35,78.399,-25.298
1404706,10.686887390490002,5.48123412559,"BD+04   100",4.4375,10.35,78.399,-25.298
1404706,10.686887390490002,5.48123412559,"BD+04   100",4.4375,10.35,78.399,-25.298
1404706,10.686887390490002,5.48123412559,"BD+04   100",4.4375,10.35,78.399,-25.298
1404707,10.70409758204,4.854942836970001,"BD+04   101",1.4222,-3.51,4.534,-14.6
1404707,10.70409758204,4.854942836970001,"BD+04   101",1.4222,-3.51,4.534,-14.6
1404707,10.70409758204,4.854942836970001,"BD+04   101",1.4222,-3.51,4.534,-14.6
1404707,10.70409758204,4.854942836970001,"BD+04   101",1.4222,-3.51,4.534,-14.6
1404707,10.70409758204,4.854942836970001,"BD+04   101",1.4222,-3.51,4.534,-14.6
1404707,10.70409758204,4.854942836970001,"BD+04   101",1.4222,-3.51,4.534,-14.6
1404708,10.88163243708,5.03088133791,"BD+04   103",4.1061,5.04,17.976,10.981
1404708,10.88163243708,5.03088133791,"BD+04   103",4.1061,5.04,17.976,10.981
1404708,10.88163243708,5.03088133791,"BD+04   103",4.1061,5.04,17.976,10.981
1404708,10.88163243708,5.03088133791,"BD+04   103",4.1061,5.04,17.976,10.981
1404708,10.88163243708,5.03088133791,"BD+04   103",4.1061,5.04,17.976,10.981
1404708,10.88163243708,5.03088133791,"BD+04   103",4.1061,5.04,17.976,10.981
5219428,9.828225919130002,4.09844769129,"GALEX 2673249243509034658",0.7804,179933.97465973836,0.156,-0.59
5219428,9.828225919130002,4.09844769129,"GALEX 2673249243509034658",0.7804,179933.97465973836,0.156,-0.59
5219428,9.828225919130002,4.09844769129,"GALEX 2673249243509034658",0.7804,179933.97465973836,0.156,-0.59
5219428,9.828225919130002,4.09844769129,"GALEX 2673249243509034658",0.7804,179933.97465973836,0.156,-0.59
5219428,9.828225919130002,4.09844769129,"GALEX 2673249243509034658",0.7804,179933.97465973836,0.156,-0.59
5219428,9.828225919130002,4.09844769129,"GALEX 2673249243509034658",0.7804,179933.97465973836,0.156,-0.59
5219440,9.142036824929999,4.85486142754,"GALEX 2675817719851385240",0.4243,136168.29642470568,-0.067,-0.063
5219440,9.142036824929999,4.85486142754,"GALEX 2675817719851385240",0.4243,136168.29642470568,-0.067,-0.063
5219440,9.142036824929999,4.85486142754,"GALEX 2675817719851385240",0.4243,136168.29642470568,-0.067,-0.063
5219440,9.142036824929999,4.85486142754,"GALEX 2675817719851385240",0.4243,136168.29642470568,-0.067,-0.063
5219440,9.142036824929999,4.85486142754,"GALEX 2675817719851385240",0.4243,136168.29642470568,-0.067,-0.063
5219440,9.142036824929999,4.85486142754,"GALEX 2675817719851385240",0.4243,136168.29642470568,-0.067,-0.063
5219440,9.142036824929999,4.85486142754,"GALEX 2675817719851385240",0.4243,136168.29642470568,-0.067,-0.063
5219440,9.142036824929999,4.85486142754,"GALEX 2675817719851385240",0.4243,136168.29642470568,-0.067,-0.063
21047405,10.086597655738332,4.273596933857221,"Gaia DR2 2554164106870091392",0.4331,-2.708,54.33,-27.372
21084316,10.259236664519582,5.542880565911667,"Gaia DR2 2554591262841780992",0.5318,-171.761,5.734,-7.903
21084317,10.128525896466247,5.873760786921389,"Gaia DR2 2556150920085978368",0.5611,-27.921,9.35,-8.006
1404698,9.237925201200001,5.4125103043600005,"HD   3398",9.1487,1.61,48.567,4.94
1404698,9.237925201200001,5.4125103043600005,"HD   3398",9.1487,1.61,48.567,4.94
1404698,9.237925201200001,5.4125103043600005,"HD   3398",9.1487,1.61,48.567,4.94
1404698,9.237925201200001,5.4125103043600005,"HD   3398",9.1487,1.61,48.567,4.94
1404698,9.237925201200001,5.4125103043600005,"HD   3398",9.1487,1.61,48.567,4.94
1404698,9.237925201200001,5.4125103043600005,"HD   3398",9.1487,1.61,48.567,4.94
1414654,9.505365733839998,5.8476195630199985,"HD   3492",3.4114,-16.34,-8.019,-0.746
1414654,9.505365733839998,5.8476195630199985,"HD   3492",3.4114,-16.34,-8.019,-0.746
1414654,9.505365733839998,5.8476195630199985,"HD   3492",3.4114,-16.34,-8.019,-0.746
1414654,9.505365733839998,5.8476195630199985,"HD   3492",3.4114,-16.34,-8.019,-0.746
1414654,9.505365733839998,5.8476195630199985,"HD   3492",3.4114,-16.34,-8.019,-0.746
1414654,9.505365733839998,5.8476195630199985,"HD   3492",3.4114,-16.34,-8.019,-0.746
1404713,9.533365340230002,4.3966934146,"HD   3502",15.7913,7.58,48.389,-12.041
1404713,9.533365340230002,4.3966934146,"HD   3502",15.7913,7.58,48.389,-12.041
1404713,9.533365340230002,4.3966934146,"HD   3502",15.7913,7.58,48.389,-12.041
1404713,9.533365340230002,4.3966934146,"HD   3502",15.7913,7.58,48.389,-12.041
1404713,9.533365340230002,4.3966934146,"HD   3502",15.7913,7.58,48.389,-12.041
1404713,9.533365340230002,4.3966934146,"HD   3502",15.7913,7.58,48.389,-12.041
1404704,10.07936551522,5.280230396270001,"HD   3759",7.5678,-9.03,43.014,-13.622
1404704,10.07936551522,5.280230396270001,"HD   3759",7.5678,-9.03,43.014,-13.622
1404704,10.07936551522,5.280230396270001,"HD   3759",7.5678,-9.03,43.014,-13.622
1404715,10.208000989329998,4.478314576639999,"HD   3819",4.2668,-3.05,-12.272,-21.171
1404715,10.208000989329998,4.478314576639999,"HD   3819",4.2668,-3.05,-12.272,-21.171
1404715,10.208000989329998,4.478314576639999,"HD   3819",4.2668,-3.05,-12.272,-21.171
1404715,10.208000989329998,4.478314576639999,"HD   3819",4.2668,-3.05,-12.272,-21.171
1404715,10.208000989329998,4.478314576639999,"HD   3819",4.2668,-3.05,-12.272,-21.171
1404715,10.208000989329998,4.478314576639999,"HD   3819",4.2668,-3.05,-12.272,-21.171
1414546,10.41804799523,5.573643595960001,"HD   3905",5.6493,6.53,37.934,4.406
1414546,10.41804799523,5.573643595960001,"HD   3905",5.6493,6.53,37.934,4.406
1414546,10.41804799523,5.573643595960001,"HD   3905",5.6493,6.53,37.934,4.406
1414546,10.41804799523,5.573643595960001,"HD   3905",5.6493,6.53,37.934,4.406
1414546,10.41804799523,5.573643595960001,"HD   3905",5.6493,6.53,37.934,4.406
1414546,10.41804799523,5.573643595960001,"HD   3905",5.6493,6.53,37.934,4.406
1404717,10.58206239407,4.74612854743,"HD   3971",7.9096,-17.64,-19.795,-65.683
1404717,10.58206239407,4.74612854743,"HD   3971",7.9096,-17.64,-19.795,-65.683
1404717,10.58206239407,4.74612854743,"HD   3971",7.9096,-17.64,-19.795,-65.683
1404717,10.58206239407,4.74612854743,"HD   3971",7.9096,-17.64,-19.795,-65.683
1404717,10.58206239407,4.74612854743,"HD   3971",7.9096,-17.64,-19.795,-65.683
1404717,10.58206239407,4.74612854743,"HD   3971",7.9096,-17.64,-19.795,-65.683
3990900,9.4792583123,4.68699179518,"LSPM J0037+0441",16.8013,-65.69,-65.942,-151.401
3990900,9.4792583123,4.68699179518,"LSPM J0037+0441",16.8013,-65.69,-65.942,-151.401
3990900,9.4792583123,4.68699179518,"LSPM J0037+0441",16.8013,-65.69,-65.942,-151.401
3990900,9.4792583123,4.68699179518,"LSPM J0037+0441",16.8013,-65.69,-65.942,-151.401
3990900,9.4792583123,4.68699179518,"LSPM J0037+0441",16.8013,-65.69,-65.942,-151.401
3990900,9.4792583123,4.68699179518,"LSPM J0037+0441",16.8013,-65.69,-65.942,-151.401
1404801,10.078374060530003,5.3294797009,"PB  6087",,228368.38561097393,0.11,0.131
1404801,10.078374060530003,5.3294797009,"PB  6087",,228368.38561097393,0.11,0.131
1404801,10.078374060530003,5.3294797009,"PB  6087",,228368.38561097393,0.11,0.131
1404801,10.078374060530003,5.3294797009,"PB  6087",,228368.38561097393,0.11,0.131
1404801,10.078374060530003,5.3294797009,"PB  6087",,228368.38561097393,0.11,0.131
1404801,10.078374060530003,5.3294797009,"PB  6087",,228368.38561097393,0.11,0.131
1404801,10.078374060530003,5.3294797009,"PB  6087",,228368.38561097393,0.11,0.131
1404801,10.078374060530003,5.3294797009,"PB  6087",,228368.38561097393,0.11,0.131
5219402,10.613185420999999,5.09024556608,"PB  6113",0.055,217318.78586502807,0.163,-0.282
5219402,10.613185420999999,5.09024556608,"PB  6113",0.055,217318.78586502807,0.163,-0.282
5219402,10.613185420999999,5.09024556608,"PB  6113",0.055,217318.78586502807,0.163,-0.282
5219402,10.613185420999999,5.09024556608,"PB  6113",0.055,217318.78586502807,0.163,-0.282
5219402,10.613185420999999,5.09024556608,"PB  6113",0.055,217318.78586502807,0.163,-0.282
5219402,10.613185420999999,5.09024556608,"PB  6113",0.055,217318.78586502807,0.163,-0.282
5219402,10.613185420999999,5.09024556608,"PB  6113",0.055,217318.78586502807,0.163,-0.282
5219402,10.613185420999999,5.09024556608,"PB  6113",0.055,217318.78586502807,0.163,-0.282
10397739,9.11080981273,5.009191958650001,"SDSS J003626.58+050032.9",,153792.9116326843,-0.507,-0.549
10397739,9.11080981273,5.009191958650001,"SDSS J003626.58+050032.9",,153792.9116326843,-0.507,-0.549
10397739,9.11080981273,5.009191958650001,"SDSS J003626.58+050032.9",,153792.9116326843,-0.507,-0.549
10397739,9.11080981273,5.009191958650001,"SDSS J003626.58+050032.9",,153792.9116326843,-0.507,-0.549
10397739,9.11080981273,5.009191958650001,"SDSS J003626.58+050032.9",,153792.9116326843,-0.507,-0.549
10397739,9.11080981273,5.009191958650001,"SDSS J003626.58+050032.9",,153792.9116326843,-0.507,-0.549
10397750,9.132949225489998,5.06675903529,"SDSS J003631.90+050400.2",0.3148,168760.8782889017,0.058,-0.547
10397750,9.132949225489998,5.06675903529,"SDSS J003631.90+050400.2",0.3148,168760.8782889017,0.058,-0.547
10397750,9.132949225489998,5.06675903529,"SDSS J003631.90+050400.2",0.3148,168760.8782889017,0.058,-0.547
10397750,9.132949225489998,5.06675903529,"SDSS J003631.90+050400.2",0.3148,168760.8782889017,0.058,-0.547
10397750,9.132949225489998,5.06675903529,"SDSS J003631.90+050400.2",0.3148,168760.8782889017,0.058,-0.547
10397750,9.132949225489998,5.06675903529,"SDSS J003631.90+050400.2",0.3148,168760.8782889017,0.058,-0.547
15344701,9.271144836240001,5.16403200943,"SDSS J003705.07+050950.5",0.0182,227877.80397732096,0.043,0.16
15344701,9.271144836240001,5.16403200943,"SDSS J003705.07+050950.5",0.0182,227877.80397732096,0.043,0.16
15344701,9.271144836240001,5.16403200943,"SDSS J003705.07+050950.5",0.0182,227877.80397732096,0.043,0.16
15344701,9.271144836240001,5.16403200943,"SDSS J003705.07+050950.5",0.0182,227877.80397732096,0.043,0.16
15344701,9.271144836240001,5.16403200943,"SDSS J003705.07+050950.5",0.0182,227877.80397732096,0.043,0.16
15344701,9.271144836240001,5.16403200943,"SDSS J003705.07+050950.5",0.0182,227877.80397732096,0.043,0.16
10397796,9.29198361552,5.224007062989999,"SDSS J003710.07+051326.4",,260477.0256160813,-0.929,-0.724
10397796,9.29198361552,5.224007062989999,"SDSS J003710.07+051326.4",,260477.0256160813,-0.929,-0.724
10397796,9.29198361552,5.224007062989999,"SDSS J003710.07+051326.4",,260477.0256160813,-0.929,-0.724
10397796,9.29198361552,5.224007062989999,"SDSS J003710.07+051326.4",,260477.0256160813,-0.929,-0.724
10397796,9.29198361552,5.224007062989999,"SDSS J003710.07+051326.4",,260477.0256160813,-0.929,-0.724
10397796,9.29198361552,5.224007062989999,"SDSS J003710.07+051326.4",,260477.0256160813,-0.929,-0.724
10397802,9.308024015179999,5.01127109429,"SDSS J003713.92+050040.6",1.2494,253396.48034460496,-0.233,-0.463
10397802,9.308024015179999,5.01127109429,"SDSS J003713.92+050040.6",1.2494,253396.48034460496,-0.233,-0.463
10397802,9.308024015179999,5.01127109429,"SDSS J003713.92+050040.6",1.2494,253396.48034460496,-0.233,-0.463
10397802,9.308024015179999,5.01127109429,"SDSS J003713.92+050040.6",1.2494,253396.48034460496,-0.233,-0.463
10397802,9.308024015179999,5.01127109429,"SDSS J003713.92+050040.6",1.2494,253396.48034460496,-0.233,-0.463
10397802,9.308024015179999,5.01127109429,"SDSS J003713.92+050040.6",1.2494,253396.48034460496,-0.233,-0.463
9746926,9.322071917230002,4.787420196770001,"SDSS J003717.29+044714.7",0.5027,265622.5449602572,-1.001,-0.272
9746926,9.322071917230002,4.787420196770001,"SDSS J003717.29+044714.7",0.5027,265622.5449602572,-1.001,-0.272
9746926,9.322071917230002,4.787420196770001,"SDSS J003717.29+044714.7",0.5027,265622.5449602572,-1.001,-0.272
9746926,9.322071917230002,4.787420196770001,"SDSS J003717.29+044714.7",0.5027,265622.5449602572,-1.001,-0.272
9746926,9.322071917230002,4.787420196770001,"SDSS J003717.29+044714.7",0.5027,265622.5449602572,-1.001,-0.272
9746926,9.322071917230002,4.787420196770001,"SDSS J003717.29+044714.7",0.5027,265622.5449602572,-1.001,-0.272
10397820,9.3635170956,5.375749157529999,"SDSS J003727.24+052232.7",1.4837,160166.5846468338,0.478,0.256
10397820,9.3635170956,5.375749157529999,"SDSS J003727.24+052232.7",1.4837,160166.5846468338,0.478,0.256
10397820,9.3635170956,5.375749157529999,"SDSS J003727.24+052232.7",1.4837,160166.5846468338,0.478,0.256
10397820,9.3635170956,5.375749157529999,"SDSS J003727.24+052232.7",1.4837,160166.5846468338,0.478,0.256
10397820,9.3635170956,5.375749157529999,"SDSS J003727.24+052232.7",1.4837,160166.5846468338,0.478,0.256
10397820,9.3635170956,5.375749157529999,"SDSS J003727.24+052232.7",1.4837,160166.5846468338,0.478,0.256
5219438,9.38434223782,4.81591276276,"SDSS J003732.24+044857.3",0.4024,206313.3380839017,-0.421,-0.388
5219438,9.38434223782,4.81591276276,"SDSS J003732.24+044857.3",0.4024,206313.3380839017,-0.421,-0.388
5219438,9.38434223782,4.81591276276,"SDSS J003732.24+044857.3",0.4024,206313.3380839017,-0.421,-0.388
5219438,9.38434223782,4.81591276276,"SDSS J003732.24+044857.3",0.4024,206313.3380839017,-0.421,-0.388
5219438,9.38434223782,4.81591276276,"SDSS J003732.24+044857.3",0.4024,206313.3380839017,-0.421,-0.388
5219438,9.38434223782,4.81591276276,"SDSS J003732.24+044857.3",0.4024,206313.3380839017,-0.421,-0.388
5219438,9.38434223782,4.81591276276,"SDSS J003732.24+044857.3",0.4024,206313.3380839017,-0.421,-0.388
5219438,9.38434223782,4.81591276276,"SDSS J003732.24+044857.3",0.4024,206313.3380839017,-0.421,-0.388
10397839,9.41877121159,5.24835867993,"SDSS J003740.50+051454.0",1.4133,223771.06841317585,-1.117,0.546
10397839,9.41877121159,5.24835867993,"SDSS J003740.50+051454.0",1.4133,223771.06841317585,-1.117,0.546
10397839,9.41877121159,5.24835867993,"SDSS J003740.50+051454.0",1.4133,223771.06841317585,-1.117,0.546
10397839,9.41877121159,5.24835867993,"SDSS J003740.50+051454.0",1.4133,223771.06841317585,-1.117,0.546
10397839,9.41877121159,5.24835867993,"SDSS J003740.50+051454.0",1.4133,223771.06841317585,-1.117,0.546
10397839,9.41877121159,5.24835867993,"SDSS J003740.50+051454.0",1.4133,223771.06841317585,-1.117,0.546
10397843,9.428697055660002,5.25769289663,"SDSS J003742.88+051527.6",0.1991,242176.0115693162,0.067,0.371
10397843,9.428697055660002,5.25769289663,"SDSS J003742.88+051527.6",0.1991,242176.0115693162,0.067,0.371
10397843,9.428697055660002,5.25769289663,"SDSS J003742.88+051527.6",0.1991,242176.0115693162,0.067,0.371
10397843,9.428697055660002,5.25769289663,"SDSS J003742.88+051527.6",0.1991,242176.0115693162,0.067,0.371
10397843,9.428697055660002,5.25769289663,"SDSS J003742.88+051527.6",0.1991,242176.0115693162,0.067,0.371
10397843,9.428697055660002,5.25769289663,"SDSS J003742.88+051527.6",0.1991,242176.0115693162,0.067,0.371
10397846,9.436098700839999,4.39261590838,"SDSS J003744.66+042333.5",0.1731,249741.74244262686,-0.23,-0.102
10397846,9.436098700839999,4.39261590838,"SDSS J003744.66+042333.5",0.1731,249741.74244262686,-0.23,-0.102
10397846,9.436098700839999,4.39261590838,"SDSS J003744.66+042333.5",0.1731,249741.74244262686,-0.23,-0.102
10397846,9.436098700839999,4.39261590838,"SDSS J003744.66+042333.5",0.1731,249741.74244262686,-0.23,-0.102
10397846,9.436098700839999,4.39261590838,"SDSS J003744.66+042333.5",0.1731,249741.74244262686,-0.23,-0.102
10397846,9.436098700839999,4.39261590838,"SDSS J003744.66+042333.5",0.1731,249741.74244262686,-0.23,-0.102
9746927,9.436936127020001,4.93834551792,"SDSS J003744.86+045618.1",0.7835,258664.3989318223,-0.885,-0.441
9746927,9.436936127020001,4.93834551792,"SDSS J003744.86+045618.1",0.7835,258664.3989318223,-0.885,-0.441
9746927,9.436936127020001,4.93834551792,"SDSS J003744.86+045618.1",0.7835,258664.3989318223,-0.885,-0.441
9746927,9.436936127020001,4.93834551792,"SDSS J003744.86+045618.1",0.7835,258664.3989318223,-0.885,-0.441
9746927,9.436936127020001,4.93834551792,"SDSS J003744.86+045618.1",0.7835,258664.3989318223,-0.885,-0.441
9746927,9.436936127020001,4.93834551792,"SDSS J003744.86+045618.1",0.7835,258664.3989318223,-0.885,-0.441
9746929,9.49003880602,5.20142839766,"SDSS J003757.60+051205.1",,254270.64688520218,-0.23,-0.769
9746929,9.49003880602,5.20142839766,"SDSS J003757.60+051205.1",,254270.64688520218,-0.23,-0.769
9746929,9.49003880602,5.20142839766,"SDSS J003757.60+051205.1",,254270.64688520218,-0.23,-0.769
9746929,9.49003880602,5.20142839766,"SDSS J003757.60+051205.1",,254270.64688520218,-0.23,-0.769
9746929,9.49003880602,5.20142839766,"SDSS J003757.60+051205.1",,254270.64688520218,-0.23,-0.769
9746929,9.49003880602,5.20142839766,"SDSS J003757.60+051205.1",,254270.64688520218,-0.23,-0.769
10397883,9.566921271340002,5.77131200636,"SDSS J003816.06+054616.6",,243248.11922940254,0.245,-0.154
10397883,9.566921271340002,5.77131200636,"SDSS J003816.06+054616.6",,243248.11922940254,0.245,-0.154
10397883,9.566921271340002,5.77131200636,"SDSS J003816.06+054616.6",,243248.11922940254,0.245,-0.154
10397883,9.566921271340002,5.77131200636,"SDSS J003816.06+054616.6",,243248.11922940254,0.245,-0.154
10397883,9.566921271340002,5.77131200636,"SDSS J003816.06+054616.6",,243248.11922940254,0.245,-0.154
10397883,9.566921271340002,5.77131200636,"SDSS J003816.06+054616.6",,243248.11922940254,0.245,-0.154
10397900,9.603165739520001,5.24024679881,"SDSS J003824.75+051424.8",0.1858,251607.23470380064,-0.675,-0.021
10397900,9.603165739520001,5.24024679881,"SDSS J003824.75+051424.8",0.1858,251607.23470380064,-0.675,-0.021
10397900,9.603165739520001,5.24024679881,"SDSS J003824.75+051424.8",0.1858,251607.23470380064,-0.675,-0.021
10397900,9.603165739520001,5.24024679881,"SDSS J003824.75+051424.8",0.1858,251607.23470380064,-0.675,-0.021
10397900,9.603165739520001,5.24024679881,"SDSS J003824.75+051424.8",0.1858,251607.23470380064,-0.675,-0.021
10397900,9.603165739520001,5.24024679881,"SDSS J003824.75+051424.8",0.1858,251607.23470380064,-0.675,-0.021
10397902,9.605325562149998,5.57781997231,"SDSS J003825.28+053440.1",1.0418,246478.96544358128,-0.123,-0.239
10397902,9.605325562149998,5.57781997231,"SDSS J003825.28+053440.1",1.0418,246478.96544358128,-0.123,-0.239
10397902,9.605325562149998,5.57781997231,"SDSS J003825.28+053440.1",1.0418,246478.96544358128,-0.123,-0.239
10397902,9.605325562149998,5.57781997231,"SDSS J003825.28+053440.1",1.0418,246478.96544358128,-0.123,-0.239
10397902,9.605325562149998,5.57781997231,"SDSS J003825.28+053440.1",1.0418,246478.96544358128,-0.123,-0.239
10397902,9.605325562149998,5.57781997231,"SDSS J003825.28+053440.1",1.0418,246478.96544358128,-0.123,-0.239
10397910,9.628697382559999,5.28874001285,"SDSS J003830.89+051719.4",0.3534,225887.22941866476,1.949,1.338
10397910,9.628697382559999,5.28874001285,"SDSS J003830.89+051719.4",0.3534,225887.22941866476,1.949,1.338
10397910,9.628697382559999,5.28874001285,"SDSS J003830.89+051719.4",0.3534,225887.22941866476,1.949,1.338
10397910,9.628697382559999,5.28874001285,"SDSS J003830.89+051719.4",0.3534,225887.22941866476,1.949,1.338
10397910,9.628697382559999,5.28874001285,"SDSS J003830.89+051719.4",0.3534,225887.22941866476,1.949,1.338
10397910,9.628697382559999,5.28874001285,"SDSS J003830.89+051719.4",0.3534,225887.22941866476,1.949,1.338
10397919,9.6525418797,4.343890783439999,"SDSS J003836.61+042038.0",,139163.81023852382,-0.003,0.124
10397919,9.6525418797,4.343890783439999,"SDSS J003836.61+042038.0",,139163.81023852382,-0.003,0.124
10397919,9.6525418797,4.343890783439999,"SDSS J003836.61+042038.0",,139163.81023852382,-0.003,0.124
10397919,9.6525418797,4.343890783439999,"SDSS J003836.61+042038.0",,139163.81023852382,-0.003,0.124
10397919,9.6525418797,4.343890783439999,"SDSS J003836.61+042038.0",,139163.81023852382,-0.003,0.124
10397919,9.6525418797,4.343890783439999,"SDSS J003836.61+042038.0",,139163.81023852382,-0.003,0.124
10397920,9.65940287141,4.06220839736,"SDSS J003838.25+040343.9",,255634.8765454274,-2.178,0.77
10397920,9.65940287141,4.06220839736,"SDSS J003838.25+040343.9",,255634.8765454274,-2.178,0.77
10397920,9.65940287141,4.06220839736,"SDSS J003838.25+040343.9",,255634.8765454274,-2.178,0.77
10397920,9.65940287141,4.06220839736,"SDSS J003838.25+040343.9",,255634.8765454274,-2.178,0.77
10397920,9.65940287141,4.06220839736,"SDSS J003838.25+040343.9",,255634.8765454274,-2.178,0.77
10397920,9.65940287141,4.06220839736,"SDSS J003838.25+040343.9",,255634.8765454274,-2.178,0.77
10397923,9.67017054095,5.114272730210001,"SDSS J003840.84+050651.4",0.3185,116289.13947506738,-0.154,-0.539
10397923,9.67017054095,5.114272730210001,"SDSS J003840.84+050651.4",0.3185,116289.13947506738,-0.154,-0.539
10397923,9.67017054095,5.114272730210001,"SDSS J003840.84+050651.4",0.3185,116289.13947506738,-0.154,-0.539
10397923,9.67017054095,5.114272730210001,"SDSS J003840.84+050651.4",0.3185,116289.13947506738,-0.154,-0.539
10397923,9.67017054095,5.114272730210001,"SDSS J003840.84+050651.4",0.3185,116289.13947506738,-0.154,-0.539
10397923,9.67017054095,5.114272730210001,"SDSS J003840.84+050651.4",0.3185,116289.13947506738,-0.154,-0.539
10397946,9.73089823205,5.132167717809999,"SDSS J003855.41+050755.8",,142655.51584231606,0.261,0.06
10397946,9.73089823205,5.132167717809999,"SDSS J003855.41+050755.8",,142655.51584231606,0.261,0.06
10397946,9.73089823205,5.132167717809999,"SDSS J003855.41+050755.8",,142655.51584231606,0.261,0.06
10397946,9.73089823205,5.132167717809999,"SDSS J003855.41+050755.8",,142655.51584231606,0.261,0.06
10397946,9.73089823205,5.132167717809999,"SDSS J003855.41+050755.8",,142655.51584231606,0.261,0.06
10397946,9.73089823205,5.132167717809999,"SDSS J003855.41+050755.8",,142655.51584231606,0.261,0.06
11704870,9.854766506379999,4.35244433933,"SDSS J003925.14+042108.8",,59649.27987223247,-0.028,-1.51
11704870,9.854766506379999,4.35244433933,"SDSS J003925.14+042108.8",,59649.27987223247,-0.028,-1.51
11704870,9.854766506379999,4.35244433933,"SDSS J003925.14+042108.8",,59649.27987223247,-0.028,-1.51
11704870,9.854766506379999,4.35244433933,"SDSS J003925.14+042108.8",,59649.27987223247,-0.028,-1.51
11704870,9.854766506379999,4.35244433933,"SDSS J003925.14+042108.8",,59649.27987223247,-0.028,-1.51
11704870,9.854766506379999,4.35244433933,"SDSS J003925.14+042108.8",,59649.27987223247,-0.028,-1.51
10397985,9.87698236147,5.98717340955,"SDSS J003930.47+055913.7",0.4347,255598.176939856,1.236,-0.966
10397985,9.87698236147,5.98717340955,"SDSS J003930.47+055913.7",0.4347,255598.176939856,1.236,-0.966
10397985,9.87698236147,5.98717340955,"SDSS J003930.47+055913.7",0.4347,255598.176939856,1.236,-0.966
10397985,9.87698236147,5.98717340955,"SDSS J003930.47+055913.7",0.4347,255598.176939856,1.236,-0.966
10397985,9.87698236147,5.98717340955,"SDSS J003930.47+055913.7",0.4347,255598.176939856,1.236,-0.966
10397985,9.87698236147,5.98717340955,"SDSS J003930.47+055913.7",0.4347,255598.176939856,1.236,-0.966
10397990,9.897980361979998,4.84348158777,"SDSS J003935.51+045036.6",,220062.6376267829,-0.208,0.024
10397990,9.897980361979998,4.84348158777,"SDSS J003935.51+045036.6",,220062.6376267829,-0.208,0.024
10397990,9.897980361979998,4.84348158777,"SDSS J003935.51+045036.6",,220062.6376267829,-0.208,0.024
10397990,9.897980361979998,4.84348158777,"SDSS J003935.51+045036.6",,220062.6376267829,-0.208,0.024
10397990,9.897980361979998,4.84348158777,"SDSS J003935.51+045036.6",,220062.6376267829,-0.208,0.024
10397990,9.897980361979998,4.84348158777,"SDSS J003935.51+045036.6",,220062.6376267829,-0.208,0.024
10397995,9.90602218871,5.056457085429999,"SDSS J003937.44+050323.4",0.215,260379.5310761393,1.55,4.289
10397995,9.90602218871,5.056457085429999,"SDSS J003937.44+050323.4",0.215,260379.5310761393,1.55,4.289
10397995,9.90602218871,5.056457085429999,"SDSS J003937.44+050323.4",0.215,260379.5310761393,1.55,4.289
10397995,9.90602218871,5.056457085429999,"SDSS J003937.44+050323.4",0.215,260379.5310761393,1.55,4.289
10397995,9.90602218871,5.056457085429999,"SDSS J003937.44+050323.4",0.215,260379.5310761393,1.55,4.289
10397995,9.90602218871,5.056457085429999,"SDSS J003937.44+050323.4",0.215,260379.5310761393,1.55,4.289
9746934,9.90638334457,4.50713651342,"SDSS J003937.53+043025.6",0.336,261839.66897923316,-0.597,1.027
9746934,9.90638334457,4.50713651342,"SDSS J003937.53+043025.6",0.336,261839.66897923316,-0.597,1.027
9746934,9.90638334457,4.50713651342,"SDSS J003937.53+043025.6",0.336,261839.66897923316,-0.597,1.027
9746934,9.90638334457,4.50713651342,"SDSS J003937.53+043025.6",0.336,261839.66897923316,-0.597,1.027
9746934,9.90638334457,4.50713651342,"SDSS J003937.53+043025.6",0.336,261839.66897923316,-0.597,1.027
9746934,9.90638334457,4.50713651342,"SDSS J003937.53+043025.6",0.336,261839.66897923316,-0.597,1.027
10397998,9.92452840377,5.71478187613,"SDSS J003941.88+054253.1",,243445.92033093146,0.405,0.151
10397998,9.92452840377,5.71478187613,"SDSS J003941.88+054253.1",,243445.92033093146,0.405,0.151
10397998,9.92452840377,5.71478187613,"SDSS J003941.88+054253.1",,243445.92033093146,0.405,0.151
10397998,9.92452840377,5.71478187613,"SDSS J003941.88+054253.1",,243445.92033093146,0.405,0.151
10397998,9.92452840377,5.71478187613,"SDSS J003941.88+054253.1",,243445.92033093146,0.405,0.151
10397998,9.92452840377,5.71478187613,"SDSS J003941.88+054253.1",,243445.92033093146,0.405,0.151
10398000,9.930775204440002,5.62733497201,"SDSS J003943.38+053738.3",,265846.1133704853,0.446,-0.688
10398000,9.930775204440002,5.62733497201,"SDSS J003943.38+053738.3",,265846.1133704853,0.446,-0.688
10398000,9.930775204440002,5.62733497201,"SDSS J003943.38+053738.3",,265846.1133704853,0.446,-0.688
10398000,9.930775204440002,5.62733497201,"SDSS J003943.38+053738.3",,265846.1133704853,0.446,-0.688
10398000,9.930775204440002,5.62733497201,"SDSS J003943.38+053738.3",,265846.1133704853,0.446,-0.688
10398000,9.930775204440002,5.62733497201,"SDSS J003943.38+053738.3",,265846.1133704853,0.446,-0.688
10398002,9.93432567581,5.06822293394,"SDSS J003944.23+050405.6",,247725.95601813722,-0.769,-0.139
10398002,9.93432567581,5.06822293394,"SDSS J003944.23+050405.6",,247725.95601813722,-0.769,-0.139
10398002,9.93432567581,5.06822293394,"SDSS J003944.23+050405.6",,247725.95601813722,-0.769,-0.139
10398002,9.93432567581,5.06822293394,"SDSS J003944.23+050405.6",,247725.95601813722,-0.769,-0.139
10398002,9.93432567581,5.06822293394,"SDSS J003944.23+050405.6",,247725.95601813722,-0.769,-0.139
10398002,9.93432567581,5.06822293394,"SDSS J003944.23+050405.6",,247725.95601813722,-0.769,-0.139
10398012,9.95204168216,5.892707677869999,"SDSS J003948.48+055333.7",,246357.37003085267,0.253,0.275
10398012,9.95204168216,5.892707677869999,"SDSS J003948.48+055333.7",,246357.37003085267,0.253,0.275
10398012,9.95204168216,5.892707677869999,"SDSS J003948.48+055333.7",,246357.37003085267,0.253,0.275
10398012,9.95204168216,5.892707677869999,"SDSS J003948.48+055333.7",,246357.37003085267,0.253,0.275
10398012,9.95204168216,5.892707677869999,"SDSS J003948.48+055333.7",,246357.37003085267,0.253,0.275
10398012,9.95204168216,5.892707677869999,"SDSS J003948.48+055333.7",,246357.37003085267,0.253,0.275
10398015,9.95964841343,4.5595404669,"SDSS J003950.31+043334.4",0.1084,136415.8627492667,-0.994,-0.432
10398015,9.95964841343,4.5595404669,"SDSS J003950.31+043334.4",0.1084,136415.8627492667,-0.994,-0.432
10398015,9.95964841343,4.5595404669,"SDSS J003950.31+043334.4",0.1084,136415.8627492667,-0.994,-0.432
10398015,9.95964841343,4.5595404669,"SDSS J003950.31+043334.4",0.1084,136415.8627492667,-0.994,-0.432
10398015,9.95964841343,4.5595404669,"SDSS J003950.31+043334.4",0.1084,136415.8627492667,-0.994,-0.432
10398015,9.95964841343,4.5595404669,"SDSS J003950.31+043334.4",0.1084,136415.8627492667,-0.994,-0.432
10398036,10.054297346549998,5.885922046979999,"SDSS J004013.03+055309.2",1.31,173296.9282959157,0.512,-0.175
10398036,10.054297346549998,5.885922046979999,"SDSS J004013.03+055309.2",1.31,173296.9282959157,0.512,-0.175
10398036,10.054297346549998,5.885922046979999,"SDSS J004013.03+055309.2",1.31,173296.9282959157,0.512,-0.175
10398036,10.054297346549998,5.885922046979999,"SDSS J004013.03+055309.2",1.31,173296.9282959157,0.512,-0.175
10398036,10.054297346549998,5.885922046979999,"SDSS J004013.03+055309.2",1.31,173296.9282959157,0.512,-0.175
10398036,10.054297346549998,5.885922046979999,"SDSS J004013.03+055309.2",1.31,173296.9282959157,0.512,-0.175
10398040,10.064656360289998,5.11517846334,"SDSS J004015.51+050654.7",,142793.64180504426,-1.236,0.48
10398040,10.064656360289998,5.11517846334,"SDSS J004015.51+050654.7",,142793.64180504426,-1.236,0.48
10398040,10.064656360289998,5.11517846334,"SDSS J004015.51+050654.7",,142793.64180504426,-1.236,0.48
10398040,10.064656360289998,5.11517846334,"SDSS J004015.51+050654.7",,142793.64180504426,-1.236,0.48
10398040,10.064656360289998,5.11517846334,"SDSS J004015.51+050654.7",,142793.64180504426,-1.236,0.48
10398040,10.064656360289998,5.11517846334,"SDSS J004015.51+050654.7",,142793.64180504426,-1.236,0.48
9763535,10.07746184996,4.028278668909999,"SDSS J004018.58+040141.8",0.5639,248876.85125021866,0.556,-0.307
9763535,10.07746184996,4.028278668909999,"SDSS J004018.58+040141.8",0.5639,248876.85125021866,0.556,-0.307
9763535,10.07746184996,4.028278668909999,"SDSS J004018.58+040141.8",0.5639,248876.85125021866,0.556,-0.307
9763535,10.07746184996,4.028278668909999,"SDSS J004018.58+040141.8",0.5639,248876.85125021866,0.556,-0.307
9763535,10.07746184996,4.028278668909999,"SDSS J004018.58+040141.8",0.5639,248876.85125021866,0.556,-0.307
9763535,10.07746184996,4.028278668909999,"SDSS J004018.58+040141.8",0.5639,248876.85125021866,0.556,-0.307
10398044,10.07791252849,5.02427590688,"SDSS J004018.69+050127.4",0.3214,280406.33251361945,0.456,0.458
10398044,10.07791252849,5.02427590688,"SDSS J004018.69+050127.4",0.3214,280406.33251361945,0.456,0.458
10398044,10.07791252849,5.02427590688,"SDSS J004018.69+050127.4",0.3214,280406.33251361945,0.456,0.458
10398044,10.07791252849,5.02427590688,"SDSS J004018.69+050127.4",0.3214,280406.33251361945,0.456,0.458
10398044,10.07791252849,5.02427590688,"SDSS J004018.69+050127.4",0.3214,280406.33251361945,0.456,0.458
10398044,10.07791252849,5.02427590688,"SDSS J004018.69+050127.4",0.3214,280406.33251361945,0.456,0.458
10398072,10.17384326923,5.245689856029999,"SDSS J004041.72+051444.5",,255621.2636474543,0.726,-0.491
10398072,10.17384326923,5.245689856029999,"SDSS J004041.72+051444.5",,255621.2636474543,0.726,-0.491
10398072,10.17384326923,5.245689856029999,"SDSS J004041.72+051444.5",,255621.2636474543,0.726,-0.491
10398072,10.17384326923,5.245689856029999,"SDSS J004041.72+051444.5",,255621.2636474543,0.726,-0.491
10398072,10.17384326923,5.245689856029999,"SDSS J004041.72+051444.5",,255621.2636474543,0.726,-0.491
10398072,10.17384326923,5.245689856029999,"SDSS J004041.72+051444.5",,255621.2636474543,0.726,-0.491
9763537,10.188354963540002,4.1128555743,"SDSS J004045.20+040646.2",0.2074,244847.92179035104,-0.704,-0.152
9763537,10.188354963540002,4.1128555743,"SDSS J004045.20+040646.2",0.2074,244847.92179035104,-0.704,-0.152
9763537,10.188354963540002,4.1128555743,"SDSS J004045.20+040646.2",0.2074,244847.92179035104,-0.704,-0.152
9763537,10.188354963540002,4.1128555743,"SDSS J004045.20+040646.2",0.2074,244847.92179035104,-0.704,-0.152
9763537,10.188354963540002,4.1128555743,"SDSS J004045.20+040646.2",0.2074,244847.92179035104,-0.704,-0.152
9763537,10.188354963540002,4.1128555743,"SDSS J004045.20+040646.2",0.2074,244847.92179035104,-0.704,-0.152
10398089,10.20705828341,4.37517410149,"SDSS J004049.69+042230.6",0.6824,225330.314721138,1.641,0.414
10398089,10.20705828341,4.37517410149,"SDSS J004049.69+042230.6",0.6824,225330.314721138,1.641,0.414
10398089,10.20705828341,4.37517410149,"SDSS J004049.69+042230.6",0.6824,225330.314721138,1.641,0.414
10398089,10.20705828341,4.37517410149,"SDSS J004049.69+042230.6",0.6824,225330.314721138,1.641,0.414
10398089,10.20705828341,4.37517410149,"SDSS J004049.69+042230.6",0.6824,225330.314721138,1.641,0.414
10398089,10.20705828341,4.37517410149,"SDSS J004049.69+042230.6",0.6824,225330.314721138,1.641,0.414
10398117,10.26683221689,4.56402883341,"SDSS J004104.04+043350.6",0.2765,200744.87894496013,-0.699,-0.381
10398117,10.26683221689,4.56402883341,"SDSS J004104.04+043350.6",0.2765,200744.87894496013,-0.699,-0.381
10398117,10.26683221689,4.56402883341,"SDSS J004104.04+043350.6",0.2765,200744.87894496013,-0.699,-0.381
10398117,10.26683221689,4.56402883341,"SDSS J004104.04+043350.6",0.2765,200744.87894496013,-0.699,-0.381
10398117,10.26683221689,4.56402883341,"SDSS J004104.04+043350.6",0.2765,200744.87894496013,-0.699,-0.381
10398117,10.26683221689,4.56402883341,"SDSS J004104.04+043350.6",0.2765,200744.87894496013,-0.699,-0.381
10398124,10.2859943989,5.07274071128,"SDSS J004108.63+050421.9",0.1224,155582.7425519754,1.037,-0.031
10398124,10.2859943989,5.07274071128,"SDSS J004108.63+050421.9",0.1224,155582.7425519754,1.037,-0.031
10398124,10.2859943989,5.07274071128,"SDSS J004108.63+050421.9",0.1224,155582.7425519754,1.037,-0.031
10398124,10.2859943989,5.07274071128,"SDSS J004108.63+050421.9",0.1224,155582.7425519754,1.037,-0.031
10398124,10.2859943989,5.07274071128,"SDSS J004108.63+050421.9",0.1224,155582.7425519754,1.037,-0.031
10398124,10.2859943989,5.07274071128,"SDSS J004108.63+050421.9",0.1224,155582.7425519754,1.037,-0.031
10398125,10.291406845060001,5.87499616648,"SDSS J004109.94+055229.9",0.8317,247080.95935135955,0.604,-0.671
10398125,10.291406845060001,5.87499616648,"SDSS J004109.94+055229.9",0.8317,247080.95935135955,0.604,-0.671
10398125,10.291406845060001,5.87499616648,"SDSS J004109.94+055229.9",0.8317,247080.95935135955,0.604,-0.671
10398125,10.291406845060001,5.87499616648,"SDSS J004109.94+055229.9",0.8317,247080.95935135955,0.604,-0.671
10398125,10.291406845060001,5.87499616648,"SDSS J004109.94+055229.9",0.8317,247080.95935135955,0.604,-0.671
10398125,10.291406845060001,5.87499616648,"SDSS J004109.94+055229.9",0.8317,247080.95935135955,0.604,-0.671
10398137,10.34004437967,4.52998550343,"SDSS J004121.61+043148.0",1.2776,208715.75741437342,1.677,1.048
10398137,10.34004437967,4.52998550343,"SDSS J004121.61+043148.0",1.2776,208715.75741437342,1.677,1.048
10398137,10.34004437967,4.52998550343,"SDSS J004121.61+043148.0",1.2776,208715.75741437342,1.677,1.048
10398137,10.34004437967,4.52998550343,"SDSS J004121.61+043148.0",1.2776,208715.75741437342,1.677,1.048
10398137,10.34004437967,4.52998550343,"SDSS J004121.61+043148.0",1.2776,208715.75741437342,1.677,1.048
10398137,10.34004437967,4.52998550343,"SDSS J004121.61+043148.0",1.2776,208715.75741437342,1.677,1.048
10398153,10.372144672890002,4.22207433818,"SDSS J004129.30+041319.4",0.0291,247771.96441519106,0.166,0.387
10398153,10.372144672890002,4.22207433818,"SDSS J004129.30+041319.4",0.0291,247771.96441519106,0.166,0.387
10398153,10.372144672890002,4.22207433818,"SDSS J004129.30+041319.4",0.0291,247771.96441519106,0.166,0.387
10398153,10.372144672890002,4.22207433818,"SDSS J004129.30+041319.4",0.0291,247771.96441519106,0.166,0.387
10398153,10.372144672890002,4.22207433818,"SDSS J004129.30+041319.4",0.0291,247771.96441519106,0.166,0.387
10398153,10.372144672890002,4.22207433818,"SDSS J004129.30+041319.4",0.0291,247771.96441519106,0.166,0.387
10398159,10.379952002110002,5.87534472678,"SDSS J004131.18+055231.2",,157633.86573512608,-0.66,0.072
10398159,10.379952002110002,5.87534472678,"SDSS J004131.18+055231.2",,157633.86573512608,-0.66,0.072
10398159,10.379952002110002,5.87534472678,"SDSS J004131.18+055231.2",,157633.86573512608,-0.66,0.072
10398159,10.379952002110002,5.87534472678,"SDSS J004131.18+055231.2",,157633.86573512608,-0.66,0.072
10398159,10.379952002110002,5.87534472678,"SDSS J004131.18+055231.2",,157633.86573512608,-0.66,0.072
10398159,10.379952002110002,5.87534472678,"SDSS J004131.18+055231.2",,157633.86573512608,-0.66,0.072
10398168,10.41058264875,5.518905137750001,"SDSS J004138.53+053108.0",0.1162,253145.07806210153,-0.473,-0.013
10398168,10.41058264875,5.518905137750001,"SDSS J004138.53+053108.0",0.1162,253145.07806210153,-0.473,-0.013
10398168,10.41058264875,5.518905137750001,"SDSS J004138.53+053108.0",0.1162,253145.07806210153,-0.473,-0.013
10398168,10.41058264875,5.518905137750001,"SDSS J004138.53+053108.0",0.1162,253145.07806210153,-0.473,-0.013
10398168,10.41058264875,5.518905137750001,"SDSS J004138.53+053108.0",0.1162,253145.07806210153,-0.473,-0.013
10398168,10.41058264875,5.518905137750001,"SDSS J004138.53+053108.0",0.1162,253145.07806210153,-0.473,-0.013
10398194,10.4830068448,4.49602181103,"SDSS J004155.92+042945.8",0.3159,174231.48390210475,-0.606,-0.358
10398194,10.4830068448,4.49602181103,"SDSS J004155.92+042945.8",0.3159,174231.48390210475,-0.606,-0.358
10398194,10.4830068448,4.49602181103,"SDSS J004155.92+042945.8",0.3159,174231.48390210475,-0.606,-0.358
10398194,10.4830068448,4.49602181103,"SDSS J004155.92+042945.8",0.3159,174231.48390210475,-0.606,-0.358
10398194,10.4830068448,4.49602181103,"SDSS J004155.92+042945.8",0.3159,174231.48390210475,-0.606,-0.358
10398194,10.4830068448,4.49602181103,"SDSS J004155.92+042945.8",0.3159,174231.48390210475,-0.606,-0.358
10398203,10.5152764536,5.85667161008,"SDSS J004203.66+055123.9",0.0818,247614.35318324625,-0.695,-0.471
10398203,10.5152764536,5.85667161008,"SDSS J004203.66+055123.9",0.0818,247614.35318324625,-0.695,-0.471
10398203,10.5152764536,5.85667161008,"SDSS J004203.66+055123.9",0.0818,247614.35318324625,-0.695,-0.471
10398203,10.5152764536,5.85667161008,"SDSS J004203.66+055123.9",0.0818,247614.35318324625,-0.695,-0.471
10398203,10.5152764536,5.85667161008,"SDSS J004203.66+055123.9",0.0818,247614.35318324625,-0.695,-0.471
10398203,10.5152764536,5.85667161008,"SDSS J004203.66+055123.9",0.0818,247614.35318324625,-0.695,-0.471
10398211,10.546546045659998,5.600961690120001,"SDSS J004211.17+053603.4",0.1224,253371.67725653033,-0.825,-0.446
10398211,10.546546045659998,5.600961690120001,"SDSS J004211.17+053603.4",0.1224,253371.67725653033,-0.825,-0.446
10398211,10.546546045659998,5.600961690120001,"SDSS J004211.17+053603.4",0.1224,253371.67725653033,-0.825,-0.446
10398211,10.546546045659998,5.600961690120001,"SDSS J004211.17+053603.4",0.1224,253371.67725653033,-0.825,-0.446
10398211,10.546546045659998,5.600961690120001,"SDSS J004211.17+053603.4",0.1224,253371.67725653033,-0.825,-0.446
10398211,10.546546045659998,5.600961690120001,"SDSS J004211.17+053603.4",0.1224,253371.67725653033,-0.825,-0.446
10398226,10.582529862150002,4.2601112495399995,"SDSS J004219.81+041536.4",0.0437,251612.47407271984,0.067,0.369
10398226,10.582529862150002,4.2601112495399995,"SDSS J004219.81+041536.4",0.0437,251612.47407271984,0.067,0.369
10398226,10.582529862150002,4.2601112495399995,"SDSS J004219.81+041536.4",0.0437,251612.47407271984,0.067,0.369
10398226,10.582529862150002,4.2601112495399995,"SDSS J004219.81+041536.4",0.0437,251612.47407271984,0.067,0.369
10398226,10.582529862150002,4.2601112495399995,"SDSS J004219.81+041536.4",0.0437,251612.47407271984,0.067,0.369
10398226,10.582529862150002,4.2601112495399995,"SDSS J004219.81+041536.4",0.0437,251612.47407271984,0.067,0.369
10398236,10.600538965969998,5.601666926489999,"SDSS J004224.13+053606.0",,254850.00085850063,-1.019,0.3
10398236,10.600538965969998,5.601666926489999,"SDSS J004224.13+053606.0",,254850.00085850063,-1.019,0.3
10398236,10.600538965969998,5.601666926489999,"SDSS J004224.13+053606.0",,254850.00085850063,-1.019,0.3
10398236,10.600538965969998,5.601666926489999,"SDSS J004224.13+053606.0",,254850.00085850063,-1.019,0.3
10398236,10.600538965969998,5.601666926489999,"SDSS J004224.13+053606.0",,254850.00085850063,-1.019,0.3
10398236,10.600538965969998,5.601666926489999,"SDSS J004224.13+053606.0",,254850.00085850063,-1.019,0.3
5219397,10.74921674501,4.35353803293,"SDSS J004259.81+042112.7",0.0863,163270.558955106,1.795,0.507
5219397,10.74921674501,4.35353803293,"SDSS J004259.81+042112.7",0.0863,163270.558955106,1.795,0.507
5219397,10.74921674501,4.35353803293,"SDSS J004259.81+042112.7",0.0863,163270.558955106,1.795,0.507
5219397,10.74921674501,4.35353803293,"SDSS J004259.81+042112.7",0.0863,163270.558955106,1.795,0.507
5219397,10.74921674501,4.35353803293,"SDSS J004259.81+042112.7",0.0863,163270.558955106,1.795,0.507
5219397,10.74921674501,4.35353803293,"SDSS J004259.81+042112.7",0.0863,163270.558955106,1.795,0.507
5219397,10.74921674501,4.35353803293,"SDSS J004259.81+042112.7",0.0863,163270.558955106,1.795,0.507
5219397,10.74921674501,4.35353803293,"SDSS J004259.81+042112.7",0.0863,163270.558955106,1.795,0.507
15344734,10.766959337720001,5.528158137730001,"SDSS J004304.07+053141.4",0.5153,195749.45453990303,0.069,-0.645
15344734,10.766959337720001,5.528158137730001,"SDSS J004304.07+053141.4",0.5153,195749.45453990303,0.069,-0.645
15344734,10.766959337720001,5.528158137730001,"SDSS J004304.07+053141.4",0.5153,195749.45453990303,0.069,-0.645
15344734,10.766959337720001,5.528158137730001,"SDSS J004304.07+053141.4",0.5153,195749.45453990303,0.069,-0.645
15344734,10.766959337720001,5.528158137730001,"SDSS J004304.07+053141.4",0.5153,195749.45453990303,0.069,-0.645
15344734,10.766959337720001,5.528158137730001,"SDSS J004304.07+053141.4",0.5153,195749.45453990303,0.069,-0.645
10398326,10.92016292486,5.176252648359999,"SDSS J004340.85+051034.5",,251638.65847647437,1.739,0.338
10398326,10.92016292486,5.176252648359999,"SDSS J004340.85+051034.5",,251638.65847647437,1.739,0.338
10398326,10.92016292486,5.176252648359999,"SDSS J004340.85+051034.5",,251638.65847647437,1.739,0.338
10398326,10.92016292486,5.176252648359999,"SDSS J004340.85+051034.5",,251638.65847647437,1.739,0.338
10398326,10.92016292486,5.176252648359999,"SDSS J004340.85+051034.5",,251638.65847647437,1.739,0.338
10398326,10.92016292486,5.176252648359999,"SDSS J004340.85+051034.5",,251638.65847647437,1.739,0.338
1404905,9.68632177294,4.364208315399999,"TYC   13-1023-1",2.7038,-9.89,15.498,-12.802
1404905,9.68632177294,4.364208315399999,"TYC   13-1023-1",2.7038,-9.89,15.498,-12.802
1404905,9.68632177294,4.364208315399999,"TYC   13-1023-1",2.7038,-9.89,15.498,-12.802
1404905,9.68632177294,4.364208315399999,"TYC   13-1023-1",2.7038,-9.89,15.498,-12.802
1404905,9.68632177294,4.364208315399999,"TYC   13-1023-1",2.7038,-9.89,15.498,-12.802
1404905,9.68632177294,4.364208315399999,"TYC   13-1023-1",2.7038,-9.89,15.498,-12.802
6371195,9.87381796647,4.32895647856,"TYC   13-1049-1",1.6969,11.18,15.35,11.903
6371195,9.87381796647,4.32895647856,"TYC   13-1049-1",1.6969,11.18,15.35,11.903
6371195,9.87381796647,4.32895647856,"TYC   13-1049-1",1.6969,11.18,15.35,11.903
6371195,9.87381796647,4.32895647856,"TYC   13-1049-1",1.6969,11.18,15.35,11.903
6371195,9.87381796647,4.32895647856,"TYC   13-1049-1",1.6969,11.18,15.35,11.903
6371195,9.87381796647,4.32895647856,"TYC   13-1049-1",1.6969,11.18,15.35,11.903
1404894,9.501468657609998,4.28025332106,"TYC   13-317-1",2.3629,21.41,18.408,-15.774
1404894,9.501468657609998,4.28025332106,"TYC   13-317-1",2.3629,21.41,18.408,-15.774
1404894,9.501468657609998,4.28025332106,"TYC   13-317-1",2.3629,21.41,18.408,-15.774
1404894,9.501468657609998,4.28025332106,"TYC   13-317-1",2.3629,21.41,18.408,-15.774
1404894,9.501468657609998,4.28025332106,"TYC   13-317-1",2.3629,21.41,18.408,-15.774
1404894,9.501468657609998,4.28025332106,"TYC   13-317-1",2.3629,21.41,18.408,-15.774
6371144,9.539424193069998,4.2467582545199996,"TYC   13-341-1",1.431,-3.98,20.18,-15.059
6371144,9.539424193069998,4.2467582545199996,"TYC   13-341-1",1.431,-3.98,20.18,-15.059
6371144,9.539424193069998,4.2467582545199996,"TYC   13-341-1",1.431,-3.98,20.18,-15.059
6371144,9.539424193069998,4.2467582545199996,"TYC   13-341-1",1.431,-3.98,20.18,-15.059
6371144,9.539424193069998,4.2467582545199996,"TYC   13-341-1",1.431,-3.98,20.18,-15.059
6371144,9.539424193069998,4.2467582545199996,"TYC   13-341-1",1.431,-3.98,20.18,-15.059
1404897,9.907622385700002,4.80377373938,"TYC   13-392-1",2.8825,14.56,22.544,-0.401
1404897,9.907622385700002,4.80377373938,"TYC   13-392-1",2.8825,14.56,22.544,-0.401
1404897,9.907622385700002,4.80377373938,"TYC   13-392-1",2.8825,14.56,22.544,-0.401
1404897,9.907622385700002,4.80377373938,"TYC   13-392-1",2.8825,14.56,22.544,-0.401
1404897,9.907622385700002,4.80377373938,"TYC   13-392-1",2.8825,14.56,22.544,-0.401
1404897,9.907622385700002,4.80377373938,"TYC   13-392-1",2.8825,14.56,22.544,-0.401
6371152,9.40535370103,4.94278151146,"TYC   13-488-1",1.5697,27.73,7.756,-1.473
6371152,9.40535370103,4.94278151146,"TYC   13-488-1",1.5697,27.73,7.756,-1.473
6371152,9.40535370103,4.94278151146,"TYC   13-488-1",1.5697,27.73,7.756,-1.473
6371153,9.822104643990002,4.38586821297,"TYC   13-489-1",2.5312,-2.99,3.038,-4.437
6371153,9.822104643990002,4.38586821297,"TYC   13-489-1",2.5312,-2.99,3.038,-4.437
6371153,9.822104643990002,4.38586821297,"TYC   13-489-1",2.5312,-2.99,3.038,-4.437
6371153,9.822104643990002,4.38586821297,"TYC   13-489-1",2.5312,-2.99,3.038,-4.437
6371153,9.822104643990002,4.38586821297,"TYC   13-489-1",2.5312,-2.99,3.038,-4.437
6371153,9.822104643990002,4.38586821297,"TYC   13-489-1",2.5312,-2.99,3.038,-4.437
6371156,9.78150676626,4.83715188478,"TYC   13-504-1",3.3213,31.38,-15.07,-30.234
6371156,9.78150676626,4.83715188478,"TYC   13-504-1",3.3213,31.38,-15.07,-30.234
6371156,9.78150676626,4.83715188478,"TYC   13-504-1",3.3213,31.38,-15.07,-30.234
6371156,9.78150676626,4.83715188478,"TYC   13-504-1",3.3213,31.38,-15.07,-30.234
6371156,9.78150676626,4.83715188478,"TYC   13-504-1",3.3213,31.38,-15.07,-30.234
6371156,9.78150676626,4.83715188478,"TYC   13-504-1",3.3213,31.38,-15.07,-30.234
6371158,9.208800057179998,4.646769476159999,"TYC   13-510-1",1.5861,4.63,4.464,-5.294
6371158,9.208800057179998,4.646769476159999,"TYC   13-510-1",1.5861,4.63,4.464,-5.294
6371158,9.208800057179998,4.646769476159999,"TYC   13-510-1",1.5861,4.63,4.464,-5.294
6371158,9.208800057179998,4.646769476159999,"TYC   13-510-1",1.5861,4.63,4.464,-5.294
6371158,9.208800057179998,4.646769476159999,"TYC   13-510-1",1.5861,4.63,4.464,-5.294
6371158,9.208800057179998,4.646769476159999,"TYC   13-510-1",1.5861,4.63,4.464,-5.294
6371159,9.335800120370001,4.355913780949999,"TYC   13-513-1",3.6211,-14.58,1.245,-24.925
6371159,9.335800120370001,4.355913780949999,"TYC   13-513-1",3.6211,-14.58,1.245,-24.925
6371159,9.335800120370001,4.355913780949999,"TYC   13-513-1",3.6211,-14.58,1.245,-24.925
6371159,9.335800120370001,4.355913780949999,"TYC   13-513-1",3.6211,-14.58,1.245,-24.925
6371159,9.335800120370001,4.355913780949999,"TYC   13-513-1",3.6211,-14.58,1.245,-24.925
6371159,9.335800120370001,4.355913780949999,"TYC   13-513-1",3.6211,-14.58,1.245,-24.925
1404899,9.52252470113,4.59558389614,"TYC   13-522-1",6.6201,0.24,-25.831,-11.325
1404899,9.52252470113,4.59558389614,"TYC   13-522-1",6.6201,0.24,-25.831,-11.325
1404899,9.52252470113,4.59558389614,"TYC   13-522-1",6.6201,0.24,-25.831,-11.325
1404899,9.52252470113,4.59558389614,"TYC   13-522-1",6.6201,0.24,-25.831,-11.325
1404899,9.52252470113,4.59558389614,"TYC   13-522-1",6.6201,0.24,-25.831,-11.325
1404899,9.52252470113,4.59558389614,"TYC   13-522-1",6.6201,0.24,-25.831,-11.325
6371161,9.85294788488,4.01774470313,"TYC   13-545-1",2.2722,14.71,-8.183,2.086
6371161,9.85294788488,4.01774470313,"TYC   13-545-1",2.2722,14.71,-8.183,2.086
6371161,9.85294788488,4.01774470313,"TYC   13-545-1",2.2722,14.71,-8.183,2.086
6371161,9.85294788488,4.01774470313,"TYC   13-545-1",2.2722,14.71,-8.183,2.086
6371161,9.85294788488,4.01774470313,"TYC   13-545-1",2.2722,14.71,-8.183,2.086
6371161,9.85294788488,4.01774470313,"TYC   13-545-1",2.2722,14.71,-8.183,2.086
6371162,9.51436125597,4.256453914490001,"TYC   13-563-1",1.5084,-0.91,17.515,3.027
6371162,9.51436125597,4.256453914490001,"TYC   13-563-1",1.5084,-0.91,17.515,3.027
6371162,9.51436125597,4.256453914490001,"TYC   13-563-1",1.5084,-0.91,17.515,3.027
6371162,9.51436125597,4.256453914490001,"TYC   13-563-1",1.5084,-0.91,17.515,3.027
6371162,9.51436125597,4.256453914490001,"TYC   13-563-1",1.5084,-0.91,17.515,3.027
6371162,9.51436125597,4.256453914490001,"TYC   13-563-1",1.5084,-0.91,17.515,3.027
1404900,9.35795165175,4.55877117921,"TYC   13-620-1",0.9161,6.96,11.963,0.254
1404900,9.35795165175,4.55877117921,"TYC   13-620-1",0.9161,6.96,11.963,0.254
1404900,9.35795165175,4.55877117921,"TYC   13-620-1",0.9161,6.96,11.963,0.254
1404900,9.35795165175,4.55877117921,"TYC   13-620-1",0.9161,6.96,11.963,0.254
1404900,9.35795165175,4.55877117921,"TYC   13-620-1",0.9161,6.96,11.963,0.254
1404900,9.35795165175,4.55877117921,"TYC   13-620-1",0.9161,6.96,11.963,0.254
6371169,9.550022180850004,4.528395971000001,"TYC   13-672-1",1.6999,-0.4,29.844,1.413
6371169,9.550022180850004,4.528395971000001,"TYC   13-672-1",1.6999,-0.4,29.844,1.413
6371169,9.550022180850004,4.528395971000001,"TYC   13-672-1",1.6999,-0.4,29.844,1.413
6371169,9.550022180850004,4.528395971000001,"TYC   13-672-1",1.6999,-0.4,29.844,1.413
6371169,9.550022180850004,4.528395971000001,"TYC   13-672-1",1.6999,-0.4,29.844,1.413
6371169,9.550022180850004,4.528395971000001,"TYC   13-672-1",1.6999,-0.4,29.844,1.413
6371171,9.49496836308,4.808986586549999,"TYC   13-694-1",3.0715,-34.67,-46.118,-66.312
6371171,9.49496836308,4.808986586549999,"TYC   13-694-1",3.0715,-34.67,-46.118,-66.312
6371171,9.49496836308,4.808986586549999,"TYC   13-694-1",3.0715,-34.67,-46.118,-66.312
6371171,9.49496836308,4.808986586549999,"TYC   13-694-1",3.0715,-34.67,-46.118,-66.312
6371171,9.49496836308,4.808986586549999,"TYC   13-694-1",3.0715,-34.67,-46.118,-66.312
6371171,9.49496836308,4.808986586549999,"TYC   13-694-1",3.0715,-34.67,-46.118,-66.312
6371182,9.324969922829998,4.457388883000001,"TYC   13-808-1",1.3195,-27.3,-4.672,-10.599
6371182,9.324969922829998,4.457388883000001,"TYC   13-808-1",1.3195,-27.3,-4.672,-10.599
6371182,9.324969922829998,4.457388883000001,"TYC   13-808-1",1.3195,-27.3,-4.672,-10.599
6371182,9.324969922829998,4.457388883000001,"TYC   13-808-1",1.3195,-27.3,-4.672,-10.599
6371182,9.324969922829998,4.457388883000001,"TYC   13-808-1",1.3195,-27.3,-4.672,-10.599
6371182,9.324969922829998,4.457388883000001,"TYC   13-808-1",1.3195,-27.3,-4.672,-10.599
6371183,9.43609722465,4.67848531186,"TYC   13-810-1",1.5319,-6.54,19.027,-3.232
6371183,9.43609722465,4.67848531186,"TYC   13-810-1",1.5319,-6.54,19.027,-3.232
6371183,9.43609722465,4.67848531186,"TYC   13-810-1",1.5319,-6.54,19.027,-3.232
6371183,9.43609722465,4.67848531186,"TYC   13-810-1",1.5319,-6.54,19.027,-3.232
6371183,9.43609722465,4.67848531186,"TYC   13-810-1",1.5319,-6.54,19.027,-3.232
6371183,9.43609722465,4.67848531186,"TYC   13-810-1",1.5319,-6.54,19.027,-3.232
6371185,9.72273117871,4.0719643431699994,"TYC   13-845-1",4.1121,-12.58,-19.085,-18.833
6371185,9.72273117871,4.0719643431699994,"TYC   13-845-1",4.1121,-12.58,-19.085,-18.833
6371185,9.72273117871,4.0719643431699994,"TYC   13-845-1",4.1121,-12.58,-19.085,-18.833
6371185,9.72273117871,4.0719643431699994,"TYC   13-845-1",4.1121,-12.58,-19.085,-18.833
6371185,9.72273117871,4.0719643431699994,"TYC   13-845-1",4.1121,-12.58,-19.085,-18.833
6371185,9.72273117871,4.0719643431699994,"TYC   13-845-1",4.1121,-12.58,-19.085,-18.833
6371186,9.979787857589999,4.74372984207,"TYC   13-856-1",12.6249,1.26,37.581,-41.492
6371186,9.979787857589999,4.74372984207,"TYC   13-856-1",12.6249,1.26,37.581,-41.492
6371186,9.979787857589999,4.74372984207,"TYC   13-856-1",12.6249,1.26,37.581,-41.492
6371186,9.979787857589999,4.74372984207,"TYC   13-856-1",12.6249,1.26,37.581,-41.492
6371186,9.979787857589999,4.74372984207,"TYC   13-856-1",12.6249,1.26,37.581,-41.492
6371186,9.979787857589999,4.74372984207,"TYC   13-856-1",12.6249,1.26,37.581,-41.492
6371189,9.90726863398,4.15348498267,"TYC   13-915-1",2.8746,6.38,13.194,-5.189
6371189,9.90726863398,4.15348498267,"TYC   13-915-1",2.8746,6.38,13.194,-5.189
6371189,9.90726863398,4.15348498267,"TYC   13-915-1",2.8746,6.38,13.194,-5.189
6371189,9.90726863398,4.15348498267,"TYC   13-915-1",2.8746,6.38,13.194,-5.189
6371189,9.90726863398,4.15348498267,"TYC   13-915-1",2.8746,6.38,13.194,-5.189
6371189,9.90726863398,4.15348498267,"TYC   13-915-1",2.8746,6.38,13.194,-5.189
1404903,9.527553424909998,4.30999279698,"TYC   13-947-1",2.6696,23.51,-0.686,-11.58
1404903,9.527553424909998,4.30999279698,"TYC   13-947-1",2.6696,23.51,-0.686,-11.58
1404903,9.527553424909998,4.30999279698,"TYC   13-947-1",2.6696,23.51,-0.686,-11.58
1404903,9.527553424909998,4.30999279698,"TYC   13-947-1",2.6696,23.51,-0.686,-11.58
1404903,9.527553424909998,4.30999279698,"TYC   13-947-1",2.6696,23.51,-0.686,-11.58
1404903,9.527553424909998,4.30999279698,"TYC   13-947-1",2.6696,23.51,-0.686,-11.58
1404911,10.88461156669,4.89124718211,"TYC   14-424-1",4.6286,-8.43,-23.563,-41.378
1404911,10.88461156669,4.89124718211,"TYC   14-424-1",4.6286,-8.43,-23.563,-41.378
1404911,10.88461156669,4.89124718211,"TYC   14-424-1",4.6286,-8.43,-23.563,-41.378
1404911,10.88461156669,4.89124718211,"TYC   14-424-1",4.6286,-8.43,-23.563,-41.378
1404911,10.88461156669,4.89124718211,"TYC   14-424-1",4.6286,-8.43,-23.563,-41.378
1404911,10.88461156669,4.89124718211,"TYC   14-424-1",4.6286,-8.43,-23.563,-41.378
1404853,10.480582361340002,4.61517714903,"TYC   14-450-1",1.4883,-29.07,-9.127,-15.946
1404853,10.480582361340002,4.61517714903,"TYC   14-450-1",1.4883,-29.07,-9.127,-15.946
1404853,10.480582361340002,4.61517714903,"TYC   14-450-1",1.4883,-29.07,-9.127,-15.946
1404853,10.480582361340002,4.61517714903,"TYC   14-450-1",1.4883,-29.07,-9.127,-15.946
1404853,10.480582361340002,4.61517714903,"TYC   14-450-1",1.4883,-29.07,-9.127,-15.946
1404853,10.480582361340002,4.61517714903,"TYC   14-450-1",1.4883,-29.07,-9.127,-15.946
1404912,10.43776997685,4.20075060516,"TYC   14-451-1",2.0289,2.23,11.041,-5.822
1404912,10.43776997685,4.20075060516,"TYC   14-451-1",2.0289,2.23,11.041,-5.822
1404912,10.43776997685,4.20075060516,"TYC   14-451-1",2.0289,2.23,11.041,-5.822
1404912,10.43776997685,4.20075060516,"TYC   14-451-1",2.0289,2.23,11.041,-5.822
1404912,10.43776997685,4.20075060516,"TYC   14-451-1",2.0289,2.23,11.041,-5.822
1404912,10.43776997685,4.20075060516,"TYC   14-451-1",2.0289,2.23,11.041,-5.822
1404913,10.33199946958,4.22864972266,"TYC   14-461-1",2.1843,16.0,-2.543,-12.569
1404913,10.33199946958,4.22864972266,"TYC   14-461-1",2.1843,16.0,-2.543,-12.569
1404913,10.33199946958,4.22864972266,"TYC   14-461-1",2.1843,16.0,-2.543,-12.569
1404913,10.33199946958,4.22864972266,"TYC   14-461-1",2.1843,16.0,-2.543,-12.569
1404913,10.33199946958,4.22864972266,"TYC   14-461-1",2.1843,16.0,-2.543,-12.569
1404913,10.33199946958,4.22864972266,"TYC   14-461-1",2.1843,16.0,-2.543,-12.569
6371241,10.285209742050002,4.5258733191400005,"TYC   14-462-1",0.7864,-38.09,-9.515,-8.229
6371241,10.285209742050002,4.5258733191400005,"TYC   14-462-1",0.7864,-38.09,-9.515,-8.229
6371241,10.285209742050002,4.5258733191400005,"TYC   14-462-1",0.7864,-38.09,-9.515,-8.229
6371241,10.285209742050002,4.5258733191400005,"TYC   14-462-1",0.7864,-38.09,-9.515,-8.229
6371241,10.285209742050002,4.5258733191400005,"TYC   14-462-1",0.7864,-38.09,-9.515,-8.229
6371241,10.285209742050002,4.5258733191400005,"TYC   14-462-1",0.7864,-38.09,-9.515,-8.229
6371242,10.76592127599,4.87709683246,"TYC   14-472-1",0.8289,-5.67,-3.761,-3.833
6371242,10.76592127599,4.87709683246,"TYC   14-472-1",0.8289,-5.67,-3.761,-3.833
6371242,10.76592127599,4.87709683246,"TYC   14-472-1",0.8289,-5.67,-3.761,-3.833
6371242,10.76592127599,4.87709683246,"TYC   14-472-1",0.8289,-5.67,-3.761,-3.833
6371242,10.76592127599,4.87709683246,"TYC   14-472-1",0.8289,-5.67,-3.761,-3.833
6371242,10.76592127599,4.87709683246,"TYC   14-472-1",0.8289,-5.67,-3.761,-3.833
6371244,10.36655295901,4.26081268272,"TYC   14-491-1",1.1944,11.44,8.882,5.589
6371244,10.36655295901,4.26081268272,"TYC   14-491-1",1.1944,11.44,8.882,5.589
6371244,10.36655295901,4.26081268272,"TYC   14-491-1",1.1944,11.44,8.882,5.589
6371244,10.36655295901,4.26081268272,"TYC   14-491-1",1.1944,11.44,8.882,5.589
6371244,10.36655295901,4.26081268272,"TYC   14-491-1",1.1944,11.44,8.882,5.589
6371244,10.36655295901,4.26081268272,"TYC   14-491-1",1.1944,11.44,8.882,5.589
6371245,10.71996064164,4.60974358888,"TYC   14-494-1",1.8758,-42.76,30.454,-9.385
6371245,10.71996064164,4.60974358888,"TYC   14-494-1",1.8758,-42.76,30.454,-9.385
6371245,10.71996064164,4.60974358888,"TYC   14-494-1",1.8758,-42.76,30.454,-9.385
6371245,10.71996064164,4.60974358888,"TYC   14-494-1",1.8758,-42.76,30.454,-9.385
6371245,10.71996064164,4.60974358888,"TYC   14-494-1",1.8758,-42.76,30.454,-9.385
6371245,10.71996064164,4.60974358888,"TYC   14-494-1",1.8758,-42.76,30.454,-9.385
6371246,10.36193496329,4.8121374152300005,"TYC   14-496-1",1.3653,-13.03,-0.41,-18.116
6371246,10.36193496329,4.8121374152300005,"TYC   14-496-1",1.3653,-13.03,-0.41,-18.116
6371246,10.36193496329,4.8121374152300005,"TYC   14-496-1",1.3653,-13.03,-0.41,-18.116
6371246,10.36193496329,4.8121374152300005,"TYC   14-496-1",1.3653,-13.03,-0.41,-18.116
6371246,10.36193496329,4.8121374152300005,"TYC   14-496-1",1.3653,-13.03,-0.41,-18.116
6371246,10.36193496329,4.8121374152300005,"TYC   14-496-1",1.3653,-13.03,-0.41,-18.116
1404914,10.791934035199999,4.99007191931,"TYC   14-508-1",2.6149,-1.88,-6.434,-9.927
1404914,10.791934035199999,4.99007191931,"TYC   14-508-1",2.6149,-1.88,-6.434,-9.927
1404914,10.791934035199999,4.99007191931,"TYC   14-508-1",2.6149,-1.88,-6.434,-9.927
1404914,10.791934035199999,4.99007191931,"TYC   14-508-1",2.6149,-1.88,-6.434,-9.927
1404914,10.791934035199999,4.99007191931,"TYC   14-508-1",2.6149,-1.88,-6.434,-9.927
1404914,10.791934035199999,4.99007191931,"TYC   14-508-1",2.6149,-1.88,-6.434,-9.927
1404915,10.42318065037,4.30297292997,"TYC   14-517-1",3.2304,11.04,-10.271,-36.499
1404915,10.42318065037,4.30297292997,"TYC   14-517-1",3.2304,11.04,-10.271,-36.499
1404915,10.42318065037,4.30297292997,"TYC   14-517-1",3.2304,11.04,-10.271,-36.499
1404915,10.42318065037,4.30297292997,"TYC   14-517-1",3.2304,11.04,-10.271,-36.499
1404915,10.42318065037,4.30297292997,"TYC   14-517-1",3.2304,11.04,-10.271,-36.499
1404915,10.42318065037,4.30297292997,"TYC   14-517-1",3.2304,11.04,-10.271,-36.499
6371249,10.521204925570002,4.56582790917,"TYC   14-532-1",0.4783,22.69,14.38,-5.258
6371249,10.521204925570002,4.56582790917,"TYC   14-532-1",0.4783,22.69,14.38,-5.258
6371249,10.521204925570002,4.56582790917,"TYC   14-532-1",0.4783,22.69,14.38,-5.258
6371249,10.521204925570002,4.56582790917,"TYC   14-532-1",0.4783,22.69,14.38,-5.258
6371249,10.521204925570002,4.56582790917,"TYC   14-532-1",0.4783,22.69,14.38,-5.258
6371249,10.521204925570002,4.56582790917,"TYC   14-532-1",0.4783,22.69,14.38,-5.258
6371250,10.04587515823,4.75659560969,"TYC   14-538-1",0.7894,-10.75,1.361,3.545
6371250,10.04587515823,4.75659560969,"TYC   14-538-1",0.7894,-10.75,1.361,3.545
6371250,10.04587515823,4.75659560969,"TYC   14-538-1",0.7894,-10.75,1.361,3.545
6371250,10.04587515823,4.75659560969,"TYC   14-538-1",0.7894,-10.75,1.361,3.545
6371250,10.04587515823,4.75659560969,"TYC   14-538-1",0.7894,-10.75,1.361,3.545
6371250,10.04587515823,4.75659560969,"TYC   14-538-1",0.7894,-10.75,1.361,3.545
6371251,10.044052178400001,4.47131586196,"TYC   14-542-1",0.4855,-27.36,3.946,-1.02
6371251,10.044052178400001,4.47131586196,"TYC   14-542-1",0.4855,-27.36,3.946,-1.02
6371251,10.044052178400001,4.47131586196,"TYC   14-542-1",0.4855,-27.36,3.946,-1.02
6371251,10.044052178400001,4.47131586196,"TYC   14-542-1",0.4855,-27.36,3.946,-1.02
6371251,10.044052178400001,4.47131586196,"TYC   14-542-1",0.4855,-27.36,3.946,-1.02
6371251,10.044052178400001,4.47131586196,"TYC   14-542-1",0.4855,-27.36,3.946,-1.02
1404916,10.3668862944811,4.8075480522217,"TYC   14-568-1",2.8489,-14.72,6.596,-1.196
1404916,10.3668862944811,4.8075480522217,"TYC   14-568-1",2.8489,-14.72,6.596,-1.196
1404916,10.3668862944811,4.8075480522217,"TYC   14-568-1",2.8489,-14.72,6.596,-1.196
1404916,10.3668862944811,4.8075480522217,"TYC   14-568-1",2.8489,-14.72,6.596,-1.196
1404916,10.3668862944811,4.8075480522217,"TYC   14-568-1",2.8489,-14.72,6.596,-1.196
1404916,10.3668862944811,4.8075480522217,"TYC   14-568-1",2.8489,-14.72,6.596,-1.196
1404918,10.38893929242,4.870152496519999,"TYC   14-628-1",2.7869,-11.73,-11.842,-16.324
1404918,10.38893929242,4.870152496519999,"TYC   14-628-1",2.7869,-11.73,-11.842,-16.324
1404918,10.38893929242,4.870152496519999,"TYC   14-628-1",2.7869,-11.73,-11.842,-16.324
1404918,10.38893929242,4.870152496519999,"TYC   14-628-1",2.7869,-11.73,-11.842,-16.324
1404918,10.38893929242,4.870152496519999,"TYC   14-628-1",2.7869,-11.73,-11.842,-16.324
1404918,10.38893929242,4.870152496519999,"TYC   14-628-1",2.7869,-11.73,-11.842,-16.324
6371259,10.631978477190001,4.726532070700001,"TYC   14-650-1",8.2739,-15.87,-14.35,-46.609
6371259,10.631978477190001,4.726532070700001,"TYC   14-650-1",8.2739,-15.87,-14.35,-46.609
6371259,10.631978477190001,4.726532070700001,"TYC   14-650-1",8.2739,-15.87,-14.35,-46.609
6371259,10.631978477190001,4.726532070700001,"TYC   14-650-1",8.2739,-15.87,-14.35,-46.609
6371259,10.631978477190001,4.726532070700001,"TYC   14-650-1",8.2739,-15.87,-14.35,-46.609
6371259,10.631978477190001,4.726532070700001,"TYC   14-650-1",8.2739,-15.87,-14.35,-46.609
1404919,10.01672991807,4.037729761089999,"TYC   14-665-1",6.6443,0.84,-10.811,-7.966
1404919,10.01672991807,4.037729761089999,"TYC   14-665-1",6.6443,0.84,-10.811,-7.966
1404919,10.01672991807,4.037729761089999,"TYC   14-665-1",6.6443,0.84,-10.811,-7.966
1404919,10.01672991807,4.037729761089999,"TYC   14-665-1",6.6443,0.84,-10.811,-7.966
1404919,10.01672991807,4.037729761089999,"TYC   14-665-1",6.6443,0.84,-10.811,-7.966
1404919,10.01672991807,4.037729761089999,"TYC   14-665-1",6.6443,0.84,-10.811,-7.966
1404921,10.74327465761,4.64285328874,"TYC   14-668-1",1.2168,-13.37,1.002,-2.918
1404921,10.74327465761,4.64285328874,"TYC   14-668-1",1.2168,-13.37,1.002,-2.918
1404921,10.74327465761,4.64285328874,"TYC   14-668-1",1.2168,-13.37,1.002,-2.918
6371262,10.28056645294,4.044631842370001,"TYC   14-689-1",2.0954,-3.8,27.941,-23.585
6371262,10.28056645294,4.044631842370001,"TYC   14-689-1",2.0954,-3.8,27.941,-23.585
6371262,10.28056645294,4.044631842370001,"TYC   14-689-1",2.0954,-3.8,27.941,-23.585
6371262,10.28056645294,4.044631842370001,"TYC   14-689-1",2.0954,-3.8,27.941,-23.585
6371262,10.28056645294,4.044631842370001,"TYC   14-689-1",2.0954,-3.8,27.941,-23.585
6371262,10.28056645294,4.044631842370001,"TYC   14-689-1",2.0954,-3.8,27.941,-23.585
6371462,9.81137444329,5.00454019803,"TYC   16-1047-1",1.7276,18.75,-4.959,-11.382
6371462,9.81137444329,5.00454019803,"TYC   16-1047-1",1.7276,18.75,-4.959,-11.382
6371462,9.81137444329,5.00454019803,"TYC   16-1047-1",1.7276,18.75,-4.959,-11.382
6371462,9.81137444329,5.00454019803,"TYC   16-1047-1",1.7276,18.75,-4.959,-11.382
6371462,9.81137444329,5.00454019803,"TYC   16-1047-1",1.7276,18.75,-4.959,-11.382
6371462,9.81137444329,5.00454019803,"TYC   16-1047-1",1.7276,18.75,-4.959,-11.382
6371468,9.82764046638,5.11213502949,"TYC   16-1114-1",0.5466,-79.36,11.76,-15.382
6371468,9.82764046638,5.11213502949,"TYC   16-1114-1",0.5466,-79.36,11.76,-15.382
6371468,9.82764046638,5.11213502949,"TYC   16-1114-1",0.5466,-79.36,11.76,-15.382
6371468,9.82764046638,5.11213502949,"TYC   16-1114-1",0.5466,-79.36,11.76,-15.382
6371468,9.82764046638,5.11213502949,"TYC   16-1114-1",0.5466,-79.36,11.76,-15.382
6371468,9.82764046638,5.11213502949,"TYC   16-1114-1",0.5466,-79.36,11.76,-15.382
6371471,9.23133774517,5.34788839235,"TYC   16-1139-1",2.208,-6.51,-7.275,-3.549
6371471,9.23133774517,5.34788839235,"TYC   16-1139-1",2.208,-6.51,-7.275,-3.549
6371471,9.23133774517,5.34788839235,"TYC   16-1139-1",2.208,-6.51,-7.275,-3.549
6371471,9.23133774517,5.34788839235,"TYC   16-1139-1",2.208,-6.51,-7.275,-3.549
6371471,9.23133774517,5.34788839235,"TYC   16-1139-1",2.208,-6.51,-7.275,-3.549
6371471,9.23133774517,5.34788839235,"TYC   16-1139-1",2.208,-6.51,-7.275,-3.549
6371472,9.1116664141,5.090096396409999,"TYC   16-1149-1",2.3917,-23.73,10.929,-30.371
6371472,9.1116664141,5.090096396409999,"TYC   16-1149-1",2.3917,-23.73,10.929,-30.371
6371472,9.1116664141,5.090096396409999,"TYC   16-1149-1",2.3917,-23.73,10.929,-30.371
6371472,9.1116664141,5.090096396409999,"TYC   16-1149-1",2.3917,-23.73,10.929,-30.371
6371472,9.1116664141,5.090096396409999,"TYC   16-1149-1",2.3917,-23.73,10.929,-30.371
6371472,9.1116664141,5.090096396409999,"TYC   16-1149-1",2.3917,-23.73,10.929,-30.371
6371473,9.639522714680002,5.828373973040001,"TYC   16-1201-1",2.8611,-78.92,-58.258,-43.718
6371473,9.639522714680002,5.828373973040001,"TYC   16-1201-1",2.8611,-78.92,-58.258,-43.718
6371473,9.639522714680002,5.828373973040001,"TYC   16-1201-1",2.8611,-78.92,-58.258,-43.718
6371473,9.639522714680002,5.828373973040001,"TYC   16-1201-1",2.8611,-78.92,-58.258,-43.718
6371473,9.639522714680002,5.828373973040001,"TYC   16-1201-1",2.8611,-78.92,-58.258,-43.718
6371473,9.639522714680002,5.828373973040001,"TYC   16-1201-1",2.8611,-78.92,-58.258,-43.718
1414939,9.99170017804,5.92617888354,"TYC   16-1204-1",3.5958,10.51,19.482,-1.465
1414939,9.99170017804,5.92617888354,"TYC   16-1204-1",3.5958,10.51,19.482,-1.465
1414939,9.99170017804,5.92617888354,"TYC   16-1204-1",3.5958,10.51,19.482,-1.465
1414939,9.99170017804,5.92617888354,"TYC   16-1204-1",3.5958,10.51,19.482,-1.465
1414939,9.99170017804,5.92617888354,"TYC   16-1204-1",3.5958,10.51,19.482,-1.465
1414939,9.99170017804,5.92617888354,"TYC   16-1204-1",3.5958,10.51,19.482,-1.465
6371475,9.82188356773,5.350447598379999,"TYC   16-1213-1",0.6991,-11.82,17.99,-15.911
6371475,9.82188356773,5.350447598379999,"TYC   16-1213-1",0.6991,-11.82,17.99,-15.911
6371475,9.82188356773,5.350447598379999,"TYC   16-1213-1",0.6991,-11.82,17.99,-15.911
6371475,9.82188356773,5.350447598379999,"TYC   16-1213-1",0.6991,-11.82,17.99,-15.911
6371475,9.82188356773,5.350447598379999,"TYC   16-1213-1",0.6991,-11.82,17.99,-15.911
6371475,9.82188356773,5.350447598379999,"TYC   16-1213-1",0.6991,-11.82,17.99,-15.911
6371481,9.12674556511,5.15963358179,"TYC   16-1252-1",1.8785,-5.81,-3.43,-3.349
6371481,9.12674556511,5.15963358179,"TYC   16-1252-1",1.8785,-5.81,-3.43,-3.349
6371481,9.12674556511,5.15963358179,"TYC   16-1252-1",1.8785,-5.81,-3.43,-3.349
6371481,9.12674556511,5.15963358179,"TYC   16-1252-1",1.8785,-5.81,-3.43,-3.349
6371481,9.12674556511,5.15963358179,"TYC   16-1252-1",1.8785,-5.81,-3.43,-3.349
6371481,9.12674556511,5.15963358179,"TYC   16-1252-1",1.8785,-5.81,-3.43,-3.349
6371401,9.296320398580002,5.21488367384,"TYC   16-298-1",1.8053,-24.06,-0.371,-14.819
6371401,9.296320398580002,5.21488367384,"TYC   16-298-1",1.8053,-24.06,-0.371,-14.819
6371401,9.296320398580002,5.21488367384,"TYC   16-298-1",1.8053,-24.06,-0.371,-14.819
6371401,9.296320398580002,5.21488367384,"TYC   16-298-1",1.8053,-24.06,-0.371,-14.819
6371401,9.296320398580002,5.21488367384,"TYC   16-298-1",1.8053,-24.06,-0.371,-14.819
6371401,9.296320398580002,5.21488367384,"TYC   16-298-1",1.8053,-24.06,-0.371,-14.819
6371403,9.931818686269999,5.010429671190001,"TYC   16-322-1",0.9956,3.44,-10.798,-9.559
6371403,9.931818686269999,5.010429671190001,"TYC   16-322-1",0.9956,3.44,-10.798,-9.559
6371403,9.931818686269999,5.010429671190001,"TYC   16-322-1",0.9956,3.44,-10.798,-9.559
6371403,9.931818686269999,5.010429671190001,"TYC   16-322-1",0.9956,3.44,-10.798,-9.559
6371403,9.931818686269999,5.010429671190001,"TYC   16-322-1",0.9956,3.44,-10.798,-9.559
6371403,9.931818686269999,5.010429671190001,"TYC   16-322-1",0.9956,3.44,-10.798,-9.559
6371423,9.81466180799,5.44043222135,"TYC   16-497-1",2.0722,-5.92,-14.771,-8.364
6371423,9.81466180799,5.44043222135,"TYC   16-497-1",2.0722,-5.92,-14.771,-8.364
6371423,9.81466180799,5.44043222135,"TYC   16-497-1",2.0722,-5.92,-14.771,-8.364
6371423,9.81466180799,5.44043222135,"TYC   16-497-1",2.0722,-5.92,-14.771,-8.364
6371423,9.81466180799,5.44043222135,"TYC   16-497-1",2.0722,-5.92,-14.771,-8.364
6371423,9.81466180799,5.44043222135,"TYC   16-497-1",2.0722,-5.92,-14.771,-8.364
6371424,9.74125887329,5.542355971410001,"TYC   16-512-1",3.0321,0.8,19.506,-10.488
6371424,9.74125887329,5.542355971410001,"TYC   16-512-1",3.0321,0.8,19.506,-10.488
6371424,9.74125887329,5.542355971410001,"TYC   16-512-1",3.0321,0.8,19.506,-10.488
6371424,9.74125887329,5.542355971410001,"TYC   16-512-1",3.0321,0.8,19.506,-10.488
6371424,9.74125887329,5.542355971410001,"TYC   16-512-1",3.0321,0.8,19.506,-10.488
6371424,9.74125887329,5.542355971410001,"TYC   16-512-1",3.0321,0.8,19.506,-10.488
6371431,9.2859235783,5.19749053327,"TYC   16-620-1",2.3091,7.24,2.367,8.46
6371431,9.2859235783,5.19749053327,"TYC   16-620-1",2.3091,7.24,2.367,8.46
6371431,9.2859235783,5.19749053327,"TYC   16-620-1",2.3091,7.24,2.367,8.46
6371431,9.2859235783,5.19749053327,"TYC   16-620-1",2.3091,7.24,2.367,8.46
6371431,9.2859235783,5.19749053327,"TYC   16-620-1",2.3091,7.24,2.367,8.46
6371431,9.2859235783,5.19749053327,"TYC   16-620-1",2.3091,7.24,2.367,8.46
6371437,9.8347853435,5.27337795179,"TYC   16-697-1",1.6181,-4.61,-21.705,-20.708
6371437,9.8347853435,5.27337795179,"TYC   16-697-1",1.6181,-4.61,-21.705,-20.708
6371437,9.8347853435,5.27337795179,"TYC   16-697-1",1.6181,-4.61,-21.705,-20.708
6371437,9.8347853435,5.27337795179,"TYC   16-697-1",1.6181,-4.61,-21.705,-20.708
6371437,9.8347853435,5.27337795179,"TYC   16-697-1",1.6181,-4.61,-21.705,-20.708
6371437,9.8347853435,5.27337795179,"TYC   16-697-1",1.6181,-4.61,-21.705,-20.708
6371438,9.552699775089998,5.375129075870001,"TYC   16-702-1",2.8478,-27.99,9.904,-30.235
6371438,9.552699775089998,5.375129075870001,"TYC   16-702-1",2.8478,-27.99,9.904,-30.235
6371438,9.552699775089998,5.375129075870001,"TYC   16-702-1",2.8478,-27.99,9.904,-30.235
6371438,9.552699775089998,5.375129075870001,"TYC   16-702-1",2.8478,-27.99,9.904,-30.235
6371438,9.552699775089998,5.375129075870001,"TYC   16-702-1",2.8478,-27.99,9.904,-30.235
6371438,9.552699775089998,5.375129075870001,"TYC   16-702-1",2.8478,-27.99,9.904,-30.235
6371445,9.3738049186,5.47738342462,"TYC   16-765-1",3.6211,-19.7,-43.139,-16.534
6371445,9.3738049186,5.47738342462,"TYC   16-765-1",3.6211,-19.7,-43.139,-16.534
6371445,9.3738049186,5.47738342462,"TYC   16-765-1",3.6211,-19.7,-43.139,-16.534
6371445,9.3738049186,5.47738342462,"TYC   16-765-1",3.6211,-19.7,-43.139,-16.534
6371445,9.3738049186,5.47738342462,"TYC   16-765-1",3.6211,-19.7,-43.139,-16.534
6371445,9.3738049186,5.47738342462,"TYC   16-765-1",3.6211,-19.7,-43.139,-16.534
6371447,9.867936336699998,5.79454445231,"TYC   16-779-1",2.2858,7.82,-18.813,-3.756
6371447,9.867936336699998,5.79454445231,"TYC   16-779-1",2.2858,7.82,-18.813,-3.756
6371447,9.867936336699998,5.79454445231,"TYC   16-779-1",2.2858,7.82,-18.813,-3.756
6371447,9.867936336699998,5.79454445231,"TYC   16-779-1",2.2858,7.82,-18.813,-3.756
6371447,9.867936336699998,5.79454445231,"TYC   16-779-1",2.2858,7.82,-18.813,-3.756
6371447,9.867936336699998,5.79454445231,"TYC   16-779-1",2.2858,7.82,-18.813,-3.756
1414931,9.74025594133,5.841240962800001,"TYC   16-781-1",1.9991,27.67,25.891,-0.707
1414931,9.74025594133,5.841240962800001,"TYC   16-781-1",1.9991,27.67,25.891,-0.707
1414931,9.74025594133,5.841240962800001,"TYC   16-781-1",1.9991,27.67,25.891,-0.707
1414931,9.74025594133,5.841240962800001,"TYC   16-781-1",1.9991,27.67,25.891,-0.707
1414931,9.74025594133,5.841240962800001,"TYC   16-781-1",1.9991,27.67,25.891,-0.707
1414931,9.74025594133,5.841240962800001,"TYC   16-781-1",1.9991,27.67,25.891,-0.707
6371451,9.691886479069998,5.353626757650001,"TYC   16-821-1",2.1422,-7.72,-2.869,-10.551
6371451,9.691886479069998,5.353626757650001,"TYC   16-821-1",2.1422,-7.72,-2.869,-10.551
6371451,9.691886479069998,5.353626757650001,"TYC   16-821-1",2.1422,-7.72,-2.869,-10.551
6371451,9.691886479069998,5.353626757650001,"TYC   16-821-1",2.1422,-7.72,-2.869,-10.551
6371451,9.691886479069998,5.353626757650001,"TYC   16-821-1",2.1422,-7.72,-2.869,-10.551
6371451,9.691886479069998,5.353626757650001,"TYC   16-821-1",2.1422,-7.72,-2.869,-10.551
6371456,9.3356138348,5.7155443017,"TYC   16-960-1",3.1815,2.64,-14.981,-21.904
6371456,9.3356138348,5.7155443017,"TYC   16-960-1",3.1815,2.64,-14.981,-21.904
6371456,9.3356138348,5.7155443017,"TYC   16-960-1",3.1815,2.64,-14.981,-21.904
6371456,9.3356138348,5.7155443017,"TYC   16-960-1",3.1815,2.64,-14.981,-21.904
6371456,9.3356138348,5.7155443017,"TYC   16-960-1",3.1815,2.64,-14.981,-21.904
6371456,9.3356138348,5.7155443017,"TYC   16-960-1",3.1815,2.64,-14.981,-21.904
1414934,9.833856468730001,5.825861227369999,"TYC   16-976-1",2.9449,-10.21,14.261,-0.591
1414934,9.833856468730001,5.825861227369999,"TYC   16-976-1",2.9449,-10.21,14.261,-0.591
1414934,9.833856468730001,5.825861227369999,"TYC   16-976-1",2.9449,-10.21,14.261,-0.591
1414934,9.833856468730001,5.825861227369999,"TYC   16-976-1",2.9449,-10.21,14.261,-0.591
1414934,9.833856468730001,5.825861227369999,"TYC   16-976-1",2.9449,-10.21,14.261,-0.591
1414934,9.833856468730001,5.825861227369999,"TYC   16-976-1",2.9449,-10.21,14.261,-0.591
6371496,10.23426294473,5.2818654433,"TYC   17-191-1",2.4215,41.52,7.995,-20.477
6371496,10.23426294473,5.2818654433,"TYC   17-191-1",2.4215,41.52,7.995,-20.477
6371496,10.23426294473,5.2818654433,"TYC   17-191-1",2.4215,41.52,7.995,-20.477
6371496,10.23426294473,5.2818654433,"TYC   17-191-1",2.4215,41.52,7.995,-20.477
6371496,10.23426294473,5.2818654433,"TYC   17-191-1",2.4215,41.52,7.995,-20.477
6371496,10.23426294473,5.2818654433,"TYC   17-191-1",2.4215,41.52,7.995,-20.477
1404930,10.59335228794,5.48901567492,"TYC   17-210-1",1.1996,-177.93,-28.287,-90.543
1404930,10.59335228794,5.48901567492,"TYC   17-210-1",1.1996,-177.93,-28.287,-90.543
1404930,10.59335228794,5.48901567492,"TYC   17-210-1",1.1996,-177.93,-28.287,-90.543
1404930,10.59335228794,5.48901567492,"TYC   17-210-1",1.1996,-177.93,-28.287,-90.543
1404930,10.59335228794,5.48901567492,"TYC   17-210-1",1.1996,-177.93,-28.287,-90.543
1404930,10.59335228794,5.48901567492,"TYC   17-210-1",1.1996,-177.93,-28.287,-90.543
1404931,10.55728980863,5.132906301669999,"TYC   17-225-1",1.2369,-22.8,4.196,-6.595
1404931,10.55728980863,5.132906301669999,"TYC   17-225-1",1.2369,-22.8,4.196,-6.595
1404931,10.55728980863,5.132906301669999,"TYC   17-225-1",1.2369,-22.8,4.196,-6.595
1404931,10.55728980863,5.132906301669999,"TYC   17-225-1",1.2369,-22.8,4.196,-6.595
1404931,10.55728980863,5.132906301669999,"TYC   17-225-1",1.2369,-22.8,4.196,-6.595
1404931,10.55728980863,5.132906301669999,"TYC   17-225-1",1.2369,-22.8,4.196,-6.595
6371501,10.296124322330002,5.429170036980001,"TYC   17-307-1",2.4824,21.47,15.309,12.727
6371501,10.296124322330002,5.429170036980001,"TYC   17-307-1",2.4824,21.47,15.309,12.727
6371501,10.296124322330002,5.429170036980001,"TYC   17-307-1",2.4824,21.47,15.309,12.727
6371501,10.296124322330002,5.429170036980001,"TYC   17-307-1",2.4824,21.47,15.309,12.727
6371501,10.296124322330002,5.429170036980001,"TYC   17-307-1",2.4824,21.47,15.309,12.727
6371501,10.296124322330002,5.429170036980001,"TYC   17-307-1",2.4824,21.47,15.309,12.727
6371508,10.57490449719,5.2003555561,"TYC   17-385-1",0.8018,-41.41,-0.816,-6.051
6371508,10.57490449719,5.2003555561,"TYC   17-385-1",0.8018,-41.41,-0.816,-6.051
6371508,10.57490449719,5.2003555561,"TYC   17-385-1",0.8018,-41.41,-0.816,-6.051
6371508,10.57490449719,5.2003555561,"TYC   17-385-1",0.8018,-41.41,-0.816,-6.051
6371508,10.57490449719,5.2003555561,"TYC   17-385-1",0.8018,-41.41,-0.816,-6.051
6371508,10.57490449719,5.2003555561,"TYC   17-385-1",0.8018,-41.41,-0.816,-6.051
6371510,10.00441289588,5.20341088964,"TYC   17-395-1",2.1127,5.82,-9.663,-4.601
6371510,10.00441289588,5.20341088964,"TYC   17-395-1",2.1127,5.82,-9.663,-4.601
6371510,10.00441289588,5.20341088964,"TYC   17-395-1",2.1127,5.82,-9.663,-4.601
6371510,10.00441289588,5.20341088964,"TYC   17-395-1",2.1127,5.82,-9.663,-4.601
6371510,10.00441289588,5.20341088964,"TYC   17-395-1",2.1127,5.82,-9.663,-4.601
6371510,10.00441289588,5.20341088964,"TYC   17-395-1",2.1127,5.82,-9.663,-4.601
6371514,10.17070248631,5.03805601589,"TYC   17-423-1",6.5716,4.22,13.404,-4.282
6371514,10.17070248631,5.03805601589,"TYC   17-423-1",6.5716,4.22,13.404,-4.282
6371514,10.17070248631,5.03805601589,"TYC   17-423-1",6.5716,4.22,13.404,-4.282
6371514,10.17070248631,5.03805601589,"TYC   17-423-1",6.5716,4.22,13.404,-4.282
6371514,10.17070248631,5.03805601589,"TYC   17-423-1",6.5716,4.22,13.404,-4.282
6371514,10.17070248631,5.03805601589,"TYC   17-423-1",6.5716,4.22,13.404,-4.282
1414946,10.33162967254,5.78088730323,"TYC   17-428-1",0.6099,-51.33,-0.189,-3.621
1414946,10.33162967254,5.78088730323,"TYC   17-428-1",0.6099,-51.33,-0.189,-3.621
1414946,10.33162967254,5.78088730323,"TYC   17-428-1",0.6099,-51.33,-0.189,-3.621
1414946,10.33162967254,5.78088730323,"TYC   17-428-1",0.6099,-51.33,-0.189,-3.621
1414946,10.33162967254,5.78088730323,"TYC   17-428-1",0.6099,-51.33,-0.189,-3.621
1414946,10.33162967254,5.78088730323,"TYC   17-428-1",0.6099,-51.33,-0.189,-3.621
6371518,10.65288286639,5.63561608034,"TYC   17-440-1",3.8331,-3.74,-45.268,-22.461
6371518,10.65288286639,5.63561608034,"TYC   17-440-1",3.8331,-3.74,-45.268,-22.461
6371518,10.65288286639,5.63561608034,"TYC   17-440-1",3.8331,-3.74,-45.268,-22.461
6371518,10.65288286639,5.63561608034,"TYC   17-440-1",3.8331,-3.74,-45.268,-22.461
6371518,10.65288286639,5.63561608034,"TYC   17-440-1",3.8331,-3.74,-45.268,-22.461
6371518,10.65288286639,5.63561608034,"TYC   17-440-1",3.8331,-3.74,-45.268,-22.461
6371520,10.72980149239,5.41577962346,"TYC   17-451-1",1.5532,8.81,-3.123,-24.204
6371520,10.72980149239,5.41577962346,"TYC   17-451-1",1.5532,8.81,-3.123,-24.204
6371520,10.72980149239,5.41577962346,"TYC   17-451-1",1.5532,8.81,-3.123,-24.204
6371520,10.72980149239,5.41577962346,"TYC   17-451-1",1.5532,8.81,-3.123,-24.204
6371520,10.72980149239,5.41577962346,"TYC   17-451-1",1.5532,8.81,-3.123,-24.204
6371520,10.72980149239,5.41577962346,"TYC   17-451-1",1.5532,8.81,-3.123,-24.204
1414947,10.43675361709,5.838541811169999,"TYC   17-465-1",5.2485,-19.26,-9.922,-13.373
1414947,10.43675361709,5.838541811169999,"TYC   17-465-1",5.2485,-19.26,-9.922,-13.373
1414947,10.43675361709,5.838541811169999,"TYC   17-465-1",5.2485,-19.26,-9.922,-13.373
1414947,10.43675361709,5.838541811169999,"TYC   17-465-1",5.2485,-19.26,-9.922,-13.373
1414947,10.43675361709,5.838541811169999,"TYC   17-465-1",5.2485,-19.26,-9.922,-13.373
1414947,10.43675361709,5.838541811169999,"TYC   17-465-1",5.2485,-19.26,-9.922,-13.373
6371489,10.77841709671,5.54073211238,"TYC   17-99-1",3.8746,-13.11,-14.36,-47.265
6371489,10.77841709671,5.54073211238,"TYC   17-99-1",3.8746,-13.11,-14.36,-47.265
6371489,10.77841709671,5.54073211238,"TYC   17-99-1",3.8746,-13.11,-14.36,-47.265
6371489,10.77841709671,5.54073211238,"TYC   17-99-1",3.8746,-13.11,-14.36,-47.265
6371489,10.77841709671,5.54073211238,"TYC   17-99-1",3.8746,-13.11,-14.36,-47.265
6371489,10.77841709671,5.54073211238,"TYC   17-99-1",3.8746,-13.11,-14.36,-47.265
1404823,9.724045109269998,4.25449980326,"UCAC4 472-000956",2.3887,-3.93,7.14,-14.275
1404823,9.724045109269998,4.25449980326,"UCAC4 472-000956",2.3887,-3.93,7.14,-14.275
1404823,9.724045109269998,4.25449980326,"UCAC4 472-000956",2.3887,-3.93,7.14,-14.275
1404823,9.724045109269998,4.25449980326,"UCAC4 472-000956",2.3887,-3.93,7.14,-14.275
1404823,9.724045109269998,4.25449980326,"UCAC4 472-000956",2.3887,-3.93,7.14,-14.275
1404823,9.724045109269998,4.25449980326,"UCAC4 472-000956",2.3887,-3.93,7.14,-14.275
1404823,9.724045109269998,4.25449980326,"UCAC4 472-000956",2.3887,-3.93,7.14,-14.275
19711860,9.83750975566625,4.2746321473941675,"UCAC4 472-000966",2.9386,-14.01,22.138,-36.335
19711860,9.83750975566625,4.2746321473941675,"UCAC4 472-000966",2.9386,-14.01,22.138,-36.335
19711860,9.83750975566625,4.2746321473941675,"UCAC4 472-000966",2.9386,-14.01,22.138,-36.335
19711860,9.83750975566625,4.2746321473941675,"UCAC4 472-000966",2.9386,-14.01,22.138,-36.335
19711860,9.83750975566625,4.2746321473941675,"UCAC4 472-000966",2.9386,-14.01,22.138,-36.335
19711860,9.83750975566625,4.2746321473941675,"UCAC4 472-000966",2.9386,-14.01,22.138,-36.335
19711860,9.83750975566625,4.2746321473941675,"UCAC4 472-000966",2.9386,-14.01,22.138,-36.335
19711860,9.83750975566625,4.2746321473941675,"UCAC4 472-000966",2.9386,-14.01,22.138,-36.335
19711860,9.83750975566625,4.2746321473941675,"UCAC4 472-000966",2.9386,-14.01,22.138,-36.335
19711860,9.83750975566625,4.2746321473941675,"UCAC4 472-000966",2.9386,-14.01,22.138,-36.335
16632278,10.44481324497,4.36283149474,"UCAC4 472-001024",0.6447,-25.48,5.044,-24.281
